trade_date,close,rsi_14,dif,dea,macd_hist,bb_ma,bb_upper,bb_lower,bb_pct_b,bb_bandwidth,tr,atr_14,atr_pct,atr_stop_long
2025-01-02,29.0,,0.0,0.0,0.0,,,,,,3.0500000000000007,3.0500000000000007,10.517241379310347,22.9
2025-01-03,29.55,100.0,0.04387464387464135,0.00877492877492827,0.07019943019942616,,,,,,2.049999999999997,2.978571428571429,10.079767947788254,23.59285714285714
2025-01-06,29.65,100.0,0.08572657689466467,0.024165258398875553,0.12312263699157824,,,,,,1.1500000000000021,2.84795918367347,9.605258629590118,23.954081632653057
2025-01-07,31.15,100.0,0.23719773151838908,0.06677175302277827,0.3408519569912216,,,,,,1.8999999999999986,2.7802478134110795,8.925354136151139,25.58950437317784
2025-01-08,30.55,92.72209672927565,0.30530535714645524,0.11447847384751367,0.38165376659788314,,,,,,1.5999999999999979,2.695944398167431,8.824695247683897,25.15811120366514
2025-01-09,31.45,93.48772025481725,0.42698164096164604,0.17697910727034016,0.5000050673826117,,,,,,2.1499999999999986,2.6569483697269,8.448166517414627,26.1361032605462
2025-01-10,32.35,94.15042213152694,0.5892410469027602,0.2594314951968242,0.6596191034118721,,,,,,2.3000000000000007,2.63145205760355,8.134318570644666,27.0870958847929
2025-01-13,34.35,95.29600004282204,0.8691965239574486,0.3813845009489491,0.975624046016999,,,,,,2.200000000000003,2.600634053489011,7.570987055280963,29.14873189302198
2025-01-14,35.1,95.64076736950743,1.1384585470178727,0.5327993101627339,1.2113184737102778,,,,,,2.25,2.5755887639540815,7.337859726364904,29.948822472091837
2025-01-15,37.2,96.42979864412253,1.5039663024410785,0.7270327086184029,1.5538671876453514,,,,,,3.049999999999997,2.609475280814504,7.014718496813181,31.981049438370995
2025-01-16,36.0,86.76534906138535,1.6774670646394192,0.9171195798226062,1.520694969633626,,,,,,4.25,2.726655617899182,7.574043383053283,30.546688764201637
2025-01-17,39.45,89.89956257989012,2.0694979516650207,1.147595254191089,1.8438053949478634,,,,,,3.950000000000003,2.8140373594778123,7.133174548739701,33.82192528104438
2025-01-20,39.4,89.56850236441119,2.3490720317943072,1.3878906097117327,1.922362844165149,,,,,,2.049999999999997,2.7594632623722544,7.00371386388897,33.88107347525549
2025-01-21,41.9,91.29469113484207,2.740771701048942,1.6584668279791748,2.1646097461395346,,,,,,3.1000000000000014,2.783787315059951,6.6438838068256585,36.3324253698801
2025-01-22,42.1,91.41705484338242,3.032379456720818,1.9332493537275035,2.1982602059866294,,,,,,2.5,2.7635167925556683,6.564172903932704,36.57296641488867
2025-01-23,39.05,74.27170448384418,2.9829851974127877,2.1431965224645606,1.6795773498964541,,,,,,5.149999999999999,2.933979878801692,7.513392775420467,33.18204024239661
2025-01-24,41.3,77.60809945027351,3.089779037585558,2.33251302548876,1.5145320241935956,,,,,,2.25,2.8851241731729997,6.985772816399516,35.529751653653996
2025-01-27,38.15,64.91606243002519,2.8869562167797724,2.443401663746963,0.8871091060656191,,,,,,4.850000000000001,3.0254724465177856,7.930465128486987,32.09905510696443
2025-01-28,38.0,64.37616067034106,2.6831838504301686,2.491358101083604,0.383651498693129,,,,,,2.200000000000003,2.966510128909373,7.806605602393087,32.06697974218125
2025-02-03,41.9,71.10503952959384,2.804066653427725,2.5538998115524283,0.5003336837505934,35.88,44.814953833120796,26.94504616687921,0.8368791888820166,49.804647899224044,4.149999999999999,3.0510451197015604,7.281730595946446,35.79790976059688
2025-02-04,45.45,75.61938746327911,3.150011109868217,2.6731220712155865,0.9537780773052607,36.7025,45.974903949354236,27.430096050645766,0.9716953687403368,50.52736979417879,3.8000000000000043,3.1045418968657352,6.830675240628679,39.24091620626853
2025-02-05,44.7,73.02368873346904,3.325323591582354,2.8035623752889403,1.043522432586827,37.46,46.746689399350025,28.173310600649977,0.8898052195277862,49.58189748718646,2.1500000000000057,3.0363603328038975,6.792752422380083,38.627279334392206
2025-02-06,47.9,76.69881698061681,3.6800519052719736,2.978860281285547,1.4023832479728533,38.372499999999995,47.99078856917903,28.75421143082096,0.995280419768754,50.13115418166154,3.1999999999999957,3.0480488804607617,6.363358831859628,41.803902239078475
2025-02-07,46.65,72.541427160413,3.8163199355955015,3.146352212147538,1.339935446895927,39.147499999999994,48.810805593843135,29.484194406156853,0.8881953192487326,49.36869835286106,3.9499999999999957,3.1124739604278497,6.6719699044541265,40.4250520791443
2025-02-10,47.8,73.94089856835987,3.9713297036769575,3.3113477104534224,1.3199639864470702,40.010000000000005,49.52806703065282,30.491932969347186,0.9092217450724184,47.578440543128295,2.8999999999999986,3.0972972489687174,6.479701357675141,41.60540550206256
2025-02-11,45.3,66.05877179817506,3.8480885851803563,3.4186958853988094,0.8587853995630939,40.7025,49.62536248913432,31.779637510865687,0.7576247255630428,43.84429697996101,3.3000000000000043,3.111776016899524,6.869262730462526,39.07644796620095
2025-02-12,47.95,69.74094793144619,3.9190753033362284,3.5187717689862934,0.8006070686998701,41.4825,50.06948288108229,32.89551711891772,0.8765874515860715,41.40050807488596,2.9000000000000057,3.0966491585495586,6.4580795798739485,41.75670168290088
2025-02-13,46.0,64.21991717010172,3.774474295585577,3.56991227430615,0.4091240425588536,42.065000000000005,50.2066276014075,33.92337239859251,0.7416592966816443,38.70974730254364,3.6000000000000014,3.1326027900817333,6.810006065395072,39.73479441983653
2025-02-14,45.55,62.98082600956314,3.5822715197628625,3.572384123397493,0.01977479273073879,42.5875,50.19807652218282,34.97692347781718,0.6946304587678144,35.740893558827445,2.8500000000000014,3.112416876504467,6.832967895728798,39.32516624699106
2025-02-17,47.5,66.03873242595384,3.5464172478816707,3.567190748294329,-0.04154700082531626,43.1025,50.57789129410631,35.62710870589369,0.7941317602643118,34.68657870938488,3.6499999999999986,3.150815671039862,6.633296149557605,41.19836865792028
2025-02-18,47.8,66.49724298384282,3.50184290668836,3.554121179973135,-0.10455654656955016,43.6925,50.67914976938164,36.70585023061837,0.7939534781033926,31.981002549094857,1.8500000000000014,3.057900265965586,6.397280891141394,41.684199468068826
2025-02-19,51.8,71.9374560308401,3.746101267215664,3.592517197421641,0.3071681395880459,44.31,51.84887259475849,36.771127405241515,0.9967586270928314,34.0278609558045,4.549999999999997,3.1644788183966153,6.109032467947134,45.47104236320676
2025-02-20,50.25,67.37212773211493,3.7711344412217898,3.628240646181671,0.28578759008023713,44.8525,52.461210468929714,37.243789531070284,0.8546921664348233,33.92769842898262,2.6000000000000014,3.1241589027968573,6.21723164735693,44.001682194406285
2025-02-21,54.2,72.21190897240533,4.062871150870777,3.7151667471194925,0.6954088075025684,45.4675,53.95933578503499,36.975664214965015,1.0141703290700188,37.353431726112,3.950000000000003,3.1831475525970823,5.872965964201258,47.83370489480584
2025-02-24,55.0,73.08276235273115,4.3089569359134785,3.83392478487829,0.950064302070377,46.1125,55.40512476375759,36.8198752362424,0.9782018119714879,40.304146440802796,4.100000000000001,3.2486370131258626,5.906612751137931,48.50272597374828
2025-02-25,54.2,70.69676183021319,4.3888366029878085,3.944907148500194,0.8878589089752289,46.87,56.20613410357847,37.533865896421524,0.8925607708007572,39.83842160690622,6.200000000000003,3.459448655045444,6.382746596024805,47.28110268990911
2025-02-26,57.4,74.30976492156313,4.656675811060417,4.087260881012239,1.1388298600963562,47.675,57.70208831116995,37.64791168883004,0.9849363892191199,42.06434530118492,5.099999999999994,3.576630893970769,6.231064275210399,50.24673821205846
2025-02-27,57.8,74.72920157362323,4.845362645749113,4.238881233959614,1.212962823578998,48.6575,58.60934781837028,38.705652181629716,0.959336806935678,40.905709575585604,4.400000000000006,3.6354429729728572,6.289693724866535,50.52911405405428
2025-02-28,53.6,63.08299279439261,4.602933668416895,4.31169172085107,0.5824838951316504,49.4375,58.31302111146165,40.56197888853835,0.7344932735625315,35.906027252436516,6.25,3.8221970463319392,7.130964638678991,45.95560590733612
2025-03-03,51.4,57.98533720521921,4.185042775425359,4.286361931765928,-0.2026383126811382,49.9125,58.11493104207537,41.71006895792463,0.5906743374232398,32.867241841524134,4.300000000000004,3.856325828736801,7.50257943334008,43.6873483425264
2025-03-04,51.55,58.23316103861387,3.821908397435692,4.193471224899881,-0.7431256549283773,50.2175,58.18375853208403,42.251241467915975,0.5836339917059787,31.727021584443776,5.599999999999994,3.980873983827029,7.722354963776973,43.58825203234594
2025-03-05,54.95,63.490017876155896,3.765071965706639,4.107791373061232,-0.6854388147091868,50.730000000000004,58.52752524843631,42.932474751563696,0.770598674935119,30.7412783301254,3.450000000000003,3.94295441355367,7.175531234856542,47.06409117289266
2025-03-06,56.3,65.35459242416397,3.785327502492059,4.043298598947398,-0.5159421929106784,51.15,59.193568859654384,43.10643114034561,0.8201315292911711,31.450904632079705,3.1999999999999957,3.889886241156979,6.909211796015949,48.52022751768604
2025-03-07,54.6,61.1214615257895,3.6224470540761615,3.959128289973151,-0.673362471793979,51.5475,59.44670723870452,43.64829276129548,0.6932155916256614,30.64826514847285,4.550000000000004,3.9370372239314806,7.210690886321393,46.72592555213704
2025-03-10,52.05,55.332003305902546,3.2501339158121354,3.8173294151409483,-1.1343909986576257,51.760000000000005,59.470940279888175,44.049059720111835,0.5188044511741567,29.794977897558617,3.700000000000003,3.920105993650661,7.531423618925381,44.209788012698674
2025-03-11,53.3,57.45918466692467,3.021112124684336,3.658085957049626,-1.2739476647305796,52.160000000000004,59.297688701533716,45.02231129846629,0.5798577836376526,27.36843827275196,3.4000000000000057,3.882955565532757,7.285094869667462,45.53408886893448
2025-03-12,52.45,55.522880290454125,2.7394442014396603,3.474357605927633,-1.4698268089759452,52.385000000000005,59.25639723782595,45.51360276217406,0.5047297512973187,26.234216809491055,2.950000000000003,3.8163158822804175,7.276102730753895,44.81736823543917
2025-03-13,49.85,49.97524151361247,2.28013805984979,3.2355136967120646,-1.9107512737245491,52.5775,58.917805592004385,46.23719440799562,0.2849078439184708,24.117942435469104,4.899999999999999,3.8937218906889592,7.8108764106097475,42.062556218622085
2025-03-14,50.5,51.28568260041986,1.9461501932497498,2.9776409960196015,-2.0629816055397034,52.825,58.38741853872955,47.26258146127046,0.29100817532772066,21.059795697982185,3.5,3.865598898496891,7.65465128415226,42.76880220300622
2025-03-17,49.55,49.25483963887186,1.5865169622297728,2.699416189261636,-2.2257984540637263,52.927499999999995,58.159371080216154,47.695628919783836,0.17721872842282904,19.769953541036926,1.8500000000000014,3.721627548604256,7.510852772157933,42.10674490279148
2025-03-18,51.7,53.721275676350814,1.4581830409209147,2.4511695595934917,-1.985973037345154,53.1225,57.84091869697913,48.404081303020874,0.3492609398027006,17.764294590725694,2.450000000000003,3.630797009418238,7.022818200035276,44.43840598116353
2025-03-19,51.05,52.22468880671014,1.2891671989732814,2.21876908746945,-1.859203776992337,53.085,57.85648823743727,48.31351176256273,0.28675416361363726,17.976785296928576,1.4500000000000028,3.4750257944597926,6.807102437727313,44.09994841108041
2025-03-20,50.75,51.51142245304399,1.1181243917610502,1.99864014832777,-1.7610315131334398,53.11,57.826736159676756,48.39326384032324,0.24982700747864883,17.762139558187748,3.0,3.441095380569808,6.780483508511937,43.86780923886038
2025-03-21,46.95,43.421761190378966,0.6682404329279734,1.7325602052478108,-2.128639544639675,52.7475,58.13948247400733,47.355517525992674,-0.037603750378225005,20.44450438033017,3.8999999999999986,3.473874281957679,7.399093252306025,40.00225143608465
2025-03-24,48.3,46.62855203240723,0.4158442779114324,1.4692170197805352,-2.1067454837382056,52.4125,58.03085162658961,46.794148373410394,0.13401187097857645,21.438975918300432,2.6000000000000014,3.4114546903892737,7.063053189211748,41.47709061922145
2025-03-25,47.5,45.00082134018291,0.14954137266585832,1.2052818903575997,-2.1114810353834828,52.0775,58.01925689506076,46.135743104939245,0.11480248343674498,22.81890219407904,2.200000000000003,3.324922212504326,6.9998362368512135,40.85015557499135
2025-03-26,48.3,46.99353168673894,0.003012983967295213,0.9648281090795389,-1.9236302502244873,51.6225,57.24961960064845,45.99538039935155,0.2047779116319891,21.80103482260041,1.2000000000000028,3.173142054468303,6.5696522866838585,41.95371589106339
2025-03-27,50.35,51.811661346504266,0.05170996736338651,0.7822044807363084,-1.4609890267458439,51.25,56.12862685599154,46.37137314400846,0.40776093083500636,19.038543828259673,4.449999999999996,3.2643461934348528,6.48330922231351,43.821307613130294
2025-03-28,48.0,46.584242100105236,-0.09819080025920357,0.6061254245372061,-1.4086324495928193,50.97,55.91928277632243,46.020717223677565,0.19995652559916385,19.420375814488658,3.700000000000003,3.2954643224752207,6.865550671823377,41.40907135504956
2025-03-31,46.1,42.82239460343443,-0.36608238970415385,0.4116838616889341,-1.555532502786176,50.705,56.082815541649026,45.32718445835097,0.07185218009653586,21.212170561676473,3.0500000000000043,3.277931156584134,7.110479732286625,39.54413768683173
2025-04-01,44.3,39.562875101055546,-0.7153868271359016,0.18626972392396698,-1.8033131021197373,50.3425,56.3804860052837,44.3045139947163,-0.00037379970012807267,23.987628764100705,2.950000000000003,3.25450750254241,7.34651806442982,37.79098499491518
2025-04-02,44.7,40.64410650519956,-0.9489970065808748,-0.04078362217700138,-1.816426768807747,49.83,55.95604276837843,43.703957231621565,0.0812957733106139,24.587769489778978,2.450000000000003,3.1970426809322383,7.152220762711941,38.305914638135526
2025-04-03,45.05,41.62814276852474,-1.0932899163274428,-0.2512848810070897,-1.6840100706407062,49.2675,54.96489194719844,43.57010805280156,0.1298745075741315,23.128398831677842,3.0,3.182968203722793,7.065412216920739,38.68406359255441
2025-04-07,37.7,30.276534455196213,-1.7802055588203132,-0.5570690165697344,-2.4462730845011578,48.4225,55.54138158350745,41.30361841649255,-0.2531028486863137,29.40319720587517,8.049999999999997,3.5306133320283077,9.365022100870842,30.638773335943387
2025-04-08,39.15,34.09471076671342,-2.1824305714991112,-0.8821413275556098,-2.600578487887003,47.7775,55.75111116433461,39.8038888356654,-0.04100330591678439,33.37810125826846,2.3999999999999986,3.4498552368834288,8.811890771094328,32.25028952623314
2025-04-09,43.25,43.51400447010557,-2.145627597711851,-1.134838581586858,-2.0215780322499857,47.275,55.0575766941291,39.4924233058709,0.24140955121995025,32.92470309520507,6.549999999999997,3.6712941485346122,8.488541383895058,35.90741170293077
2025-04-10,44.1,45.2606994211873,-2.024535494628246,-1.3127779641951358,-1.4235150608662206,46.8575,54.37622828342675,39.338771716573255,0.3166245742595689,32.09188831425811,3.3999999999999986,3.651915995067854,8.280988650947513,36.796168009864296
2025-04-11,46.7,50.321125987747244,-1.6991837273162744,-1.3900591168193637,-0.6182492209938215,46.7,54.09229328422522,39.307706715774785,0.5,31.658643615525556,4.75,3.730350566848722,7.987902712738163,39.23929886630256
2025-04-14,47.5,51.797705760646245,-1.3610969155782229,-1.3842666765711356,0.04633952198582536,46.55,53.74694379580674,39.35305620419325,0.5660002375281515,30.92134820969601,2.5,3.6424683835023846,7.668354491583967,40.215063232995234
2025-04-15,45.35,47.69481898529545,-1.252212981417884,-1.3578559375404853,0.21128591224520266,46.34,53.41867219187337,39.26132780812664,0.43007163115022007,30.551023702517767,3.6000000000000014,3.6394349275379287,8.025214834703261,38.07113014492414
2025-04-16,45.4,47.798375935174214,-1.1486462183986035,-1.316013993712109,0.3347355506270109,46.025,52.6689069830937,39.3810930169063,0.4529644227718423,28.870861414855842,2.700000000000003,3.5723324327137913,7.868573640338748,38.25533513457242
2025-04-17,46.0,49.10068015981275,-1.0065509343419166,-1.2541213818380705,0.49514089499230796,45.7725,52.00439176735293,39.540608232647074,0.5182528843963405,27.229850968825943,2.450000000000003,3.4921658303770924,7.591664848645853,39.01566833924581
2025-04-22,46.6,50.43239444424024,-0.8358888065557224,-1.170474866781601,0.6691721204517571,45.565000000000005,51.38274011107416,39.747259888925846,0.5889520655993088,25.536003999008706,2.0,3.3855825567787288,7.265198619696843,39.82883488644254
2025-04-23,46.8,50.893606391131826,-0.6766989479590677,-1.0717196830170943,0.7900414701160532,45.5575,51.36846162437863,39.74653837562136,0.6069100159590936,25.510449978065676,1.3500000000000014,3.2401838027231054,6.92346966393826,40.319632394553786
2025-04-24,46.35,49.771458298777155,-0.5801633157484787,-0.9734084095633713,0.7864901876297852,45.459999999999994,51.14775878532143,39.77224121467856,0.5782381983477267,25.02313587910883,1.8499999999999943,3.1408849596714545,6.776450829927626,40.068230080657095
2025-04-25,45.05,46.57647158799651,-0.6016221416148468,-0.8990511559736665,0.5948580287176393,45.3375,50.94926220094911,39.72573779905089,0.4743841604735695,24.755499094344014,2.450000000000003,3.0915360339806366,6.862455125373222,38.86692793203872
2025-04-28,45.4,47.552633265371256,-0.5836582913208019,-0.8359725830430936,0.5046285834445834,45.1925,50.637982072323915,39.74701792767609,0.5190524913353947,24.0990521538924,1.6000000000000014,2.9849977458391628,6.574884902729433,39.43000450832167
2025-04-29,45.75,48.56475941318248,-0.5350124451779408,-0.7757805554700631,0.4815362205842446,44.9625,49.88021034120567,40.04478965879433,0.5800677495583169,21.874719338140316,0.8999999999999986,2.8360693354220796,6.199058656660283,40.07786132915584
2025-04-30,46.9,51.85251158550167,-0.3990647030981691,-0.7004373849956843,0.6027453637950304,44.9075,49.71138124332827,40.10361875667173,0.7073843938968334,21.394561012428973,1.7000000000000028,2.754921525749074,5.874033103942589,41.390156948501854
2025-05-02,47.5,53.521778896828344,-0.24014194559295987,-0.6083782971151395,0.7364727030443592,44.9775,49.88845459152303,40.06654540847697,0.7568237959636377,21.83738354298496,1.6999999999999957,2.6795699881955684,5.641199975148565,42.140860023608866
2025-05-06,46.95,51.75059473831443,-0.15676779717043843,-0.5180561971261992,0.7225767999115216,45.11,50.08328865038026,40.13671134961974,0.684988257202738,22.049606075727162,1.5500000000000043,2.598886417610171,5.5354343293081385,41.75222716477966
2025-05-07,46.2,49.35218793226441,-0.14948870313945406,-0.4443426983288502,0.5897079903787923,45.184999999999995,50.17650277972487,40.19349722027512,0.601672787213789,22.093627441517654,2.1499999999999986,2.5668231020665875,5.555894160317289,41.06635379586683
2025-05-08,45.15,46.12894011074663,-0.22584281803666073,-0.4006427222704123,0.34959980846750316,45.19,50.18115217159336,40.198847828406635,0.4959929091896201,22.089631208645113,2.049999999999997,2.5299071662046884,5.603338131128878,40.090185667590625
2025-05-09,43.0,40.32181475468667,-0.45460068220927496,-0.41143431425818483,-0.08633273590218027,45.455,49.24576509427862,41.66423490572138,0.17618674081054028,16.679199622829696,4.75,2.6884852257614966,6.252291222701155,37.62302954847701
2025-05-12,44.45,45.321245578312286,-0.5129767788435515,-0.4317428071752582,-0.16246794333658665,45.72,48.23801509129734,43.201984908702656,0.2478172381910426,11.014939157031248,3.1000000000000014,2.7178791382071044,6.11446375299686,39.0142417235858
2025-05-13,42.65,40.75674152858276,-0.6964568912624998,-0.48468562399270654,-0.42354253453958646,45.69,48.33605366536682,43.043946334633176,-0.07444035239900645,11.58263806245052,2.25,2.6844591997637397,6.294159905659413,37.28108160047252
2025-05-14,42.7,40.93469497084433,-0.8282836814339021,-0.5534052354809457,-0.5497568919059128,45.620000000000005,48.494786948627876,42.74521305137213,-0.007863722108817512,12.603186973379533,1.4499999999999957,2.596283542637758,6.08028932702051,37.50743291472449
2025-05-15,41.25,37.423946460152095,-1.0377971645433064,-0.6502836212934179,-0.775027086499777,45.347500000000004,48.74654030573355,41.94845969426646,-0.10274366165771712,14.991081341787496,1.9500000000000028,2.550120432449347,6.182110139271145,36.149759135101306
2025-05-16,41.7,39.16764727311646,-1.1542217206598693,-0.7510712411667082,-0.8063009589863221,45.0575,48.656287990421376,41.45871200957862,0.033523507228489395,15.974201810670271,1.1499999999999986,2.4501118301315365,5.8755679379653145,36.79977633973693
2025-05-19,42.45,42.06523429500671,-1.1724549572678882,-0.8353479843869442,-0.6742139457618879,44.9125,48.68209878501693,41.14290121498307,0.1733737274922034,16.78641262462313,1.8999999999999986,2.410818127979284,5.679194647772165,37.62836374404144
2025-05-20,43.0,44.16557631776274,-1.1295043026756701,-0.8941792480446895,-0.47065010926196127,44.792500000000004,48.64428854559816,40.94071145440185,0.26731588731052186,17.19836376892629,1.0499999999999972,2.3136168331236204,5.380504263078187,38.37276633375276
2025-05-21,42.65,43.094879587343556,-1.1109018889333342,-0.9375237762224186,-0.34675622542183127,44.625,48.54297141388259,40.70702858611741,0.247956302973273,17.559535748493403,1.25,2.2376442021862193,5.246528023883281,38.17471159562756
2025-05-22,41.8,40.52539845561994,-1.1514737654721472,-0.9803137740723644,-0.34231998279956555,44.385000000000005,48.377004509015634,40.392995490984376,0.17622782061468267,17.988079346696537,1.5500000000000043,2.1885267591729183,5.235709950174447,37.42294648165416
2025-05-23,41.85,40.74919315298217,-1.1661500360883394,-1.0174810264755594,-0.29733801922556014,44.1375,48.113663351775315,40.16133664822469,0.21234833712520157,18.017166136619934,0.75,2.085774847803424,4.98393034122682,37.67845030439315
2025-05-26,42.15,42.155614331973354,-1.1404274556755212,-1.042070312315552,-0.1967142867199385,43.9275,47.857445928381345,39.99755407161866,0.27385185033167675,17.892873158642505,1.5,2.043933787246037,4.849190479824524,38.062132425507926
2025-05-27,41.85,41.10486519815927,-1.1312097364839957,-1.0598981971492407,-0.14262307866950996,43.7675,47.761655104649925,39.77334489535007,0.2599617503877508,18.25169408647936,1.2000000000000028,1.9836528024427487,4.739911116948025,37.882694395114505
2025-05-28,40.8,37.57472349193864,-1.1948572814309841,-1.0868900140055895,-0.21593453485078928,43.5375,47.656950812911965,39.41804918708804,0.16773483598595076,18.92369021148189,1.6499999999999986,1.9598204594111237,4.803481518164519,36.88035908117775
2025-05-29,41.4,40.70829414267985,-1.1832437365155926,-1.10616075850759,-0.1541659560160049,43.32,47.40844713797318,39.231552862026824,0.2651920233764071,18.875563887226114,1.8000000000000043,1.9484047123103294,4.706291575628815,37.50319057537934
2025-05-30,40.55,37.81250568816435,-1.2284668140147588,-1.1306219696090238,-0.19568968881146986,43.0025,46.91190852303785,39.093091476962144,0.18633362495277733,18.182238349109255,1.2999999999999972,1.9020900900024487,4.690727718871638,36.7458198199951
2025-06-02,40.1,36.338728183852915,-1.2857958141748966,-1.1616567385221985,-0.2482781513053962,42.6325,46.150350906448566,39.114649093551435,0.14005012330714778,16.503141530281194,1.5999999999999943,1.880512226430845,4.6895566743911345,36.33897554713831
2025-06-03,40.5,38.62851605852617,-1.2841499218311299,-1.1861553751839848,-0.19598909329429004,42.31,45.33334252111814,39.286657478881864,0.20066243117392457,14.291385115188552,0.6499999999999986,1.7926184959714988,4.426218508571602,36.914763008057
2025-06-04,40.55,38.92423798801822,-1.264237613905614,-1.2017718229283108,-0.12493158195460641,42.027499999999996,44.56018138540973,39.494818614590265,0.20831309289206687,12.052496034309588,1.2000000000000028,1.7502886034021061,4.316371401731458,37.04942279319579
2025-06-05,42.25,48.08395591189877,-1.09861700098498,-1.1811408585396448,0.16504771510932947,41.88250000000001,43.97779830811773,39.78720169188229,0.5876963434218898,10.00560285617009,1.9500000000000028,1.7645537031590988,4.176458469015619,38.7208925936818
2025-06-06,40.2,40.24565656361014,-1.1198701731869392,-1.1688867214691037,0.09803309656432901,41.7425,43.89384260405007,39.59115739594993,0.1415029393514266,10.307684513625546,2.5,1.8170855815048774,4.5201133868280525,36.56582883699025
2025-06-09,42.25,49.16912906081702,-0.9602267021407584,-1.1271547176034347,0.33385603092535243,41.6325,43.411621974458455,39.853378025541545,0.6735406590624456,8.546793848356236,2.0999999999999943,1.8372937542545285,4.34862427042492,38.575412491490944
2025-06-10,41.45,46.26549153496334,-0.8880248179633696,-1.0793287376754217,0.38260783942410415,41.572500000000005,43.29019467601229,39.85480532398772,0.4643417419548647,8.26361020391983,1.5500000000000043,1.8167727718077769,4.383046494108026,37.81645445638445
2025-06-11,41.65,47.10645523493749,-0.8053820332891917,-1.0245393967981757,0.43831472701796814,41.519999999999996,43.159024099884114,39.88097590011588,0.5396577451207685,7.895106454162418,0.7999999999999972,1.7441461452500784,4.187625798919757,38.161707709499844
2025-06-12,40.8,43.95774302204026,-0.7992615377947345,-0.9794838249974875,0.36044457440550604,41.497499999999995,43.16287533307087,39.83212466692912,0.29058774735367326,8.02638873701248,1.0,1.690992849160787,4.144590316570556,37.418014301678426
2025-06-13,40.0,41.168578333014274,-0.8491755480165111,-0.9534221696012923,0.20849324316956253,41.4125,43.19712180867571,39.62787819132429,0.10425789006575102,8.618759112227995,1.5,1.6773505027921596,4.1933762569803985,36.64529899441568
2025-06-16,40.1,41.666830325933084,-0.8706275440818203,-0.9368632444973979,0.13247140083115516,41.295,43.10024236599991,39.48975763400009,0.16901951158837905,8.743152275093397,1.3500000000000014,1.6539683240212912,4.1246092868361375,36.79206335195742
2025-06-17,39.7,40.200226296946596,-0.909421814001,-0.9313749583981183,0.04390628879423675,41.13,42.88425197733991,39.3757480226601,0.0924188718406324,8.53027949107661,0.9500000000000028,1.603684872305485,4.039508494472254,36.49263025538903
2025-06-18,39.25,38.556036320926054,-0.9653498395615969,-0.9381699346308141,-0.05435980986156563,40.96,42.75069818785885,39.16930181214115,0.02253260443496107,8.743643495404546,0.8500000000000014,1.549850238569379,3.94866302820224,36.15029952286124
2025-06-19,38.85,37.103359864973676,-1.0300757873419926,-0.9565511051730499,-0.1470493643378854,40.8125,42.77944560168831,38.84555439831169,0.0011300774369394047,9.638937098625709,1.25,1.528432364385852,3.9341888401180225,35.793135271228294
2025-06-20,39.5,40.993913252256505,-1.0171963927272927,-0.9686801626838984,-0.09703246008678845,40.69500000000001,42.68067368920501,38.70932631079501,0.19909456762796549,9.758809137265024,1.1000000000000014,1.4978300526440056,3.791974816820267,36.50433989471199
2025-06-23,41.3,50.18358922200142,-0.8519239736675956,-0.945328924880638,0.18680990242608475,40.652499999999996,42.546035053808346,38.75896494619165,0.6709765020451363,9.315712705532746,2.4499999999999957,1.565842191740862,3.7913854521570514,38.16831561651827
2025-06-24,41.7,51.97359977042869,-0.6808196684365839,-0.8924270735918273,0.4232148103104867,40.645,42.5206065685535,38.76939343144651,0.7812423505249391,9.229211802452914,1.6000000000000014,1.5682820351879434,3.7608681898991447,38.56343592962411
2025-06-25,44.05,60.86952010173443,-0.35154057267511973,-0.7842497734084858,0.8654184014667321,40.8075,43.20046364368558,38.414536356314414,1.177507159073671,11.728058046611938,2.8999999999999986,1.663404746960233,3.7761742269244793,40.72319050607953
2025-06-26,44.5,62.30923064945053,-0.053654778871404574,-0.6381307745010696,1.16895199125933,40.9625,43.84119327994508,38.083806720054916,1.1144280852435045,14.055261665889937,1.8500000000000014,1.6767329793202168,3.767939279371274,41.146534041359565
2025-06-27,44.85,63.43604757414296,0.20826320520695418,-0.46885197855946487,1.3542303675328382,41.1775,44.50773647808995,37.84726352191005,1.0513872699674398,16.175029946402532,1.2999999999999972,1.6498234807973442,3.678536189068772,41.55035303840531
2025-06-30,44.7,62.57265003717406,0.39913042116342723,-0.2952554986148865,1.3887718395566275,41.4075,45.03079615129662,37.78420384870338,0.9543514886054457,17.50067572925978,3.450000000000003,1.7784075178832486,3.9785403084636433,41.143184964233505
2025-07-02,43.55,56.25144814551138,0.45238387615880526,-0.14572762366014813,1.1962229996379068,41.56,45.27330041876508,37.84669958123492,0.7679556964935526,17.869588155751103,2.25,1.8120926951773022,4.160947635309534,39.92581460964539
2025-07-03,43.3,54.95180556597213,0.4690082767830006,-0.022780443571518386,0.983577440709038,41.697500000000005,45.454423608486195,37.940576391513815,0.7132729018471714,18.019898595772837,1.5,1.789800359807495,4.13348812888567,39.72039928038501
2025-07-04,43.95,57.6889757113549,0.5285401202716713,0.08748366919711956,0.8821129021491034,41.782500000000006,45.660550412256256,37.904449587743756,0.7794574295823742,18.563036736701967,3.299999999999997,1.897671762678388,4.317796957174944,40.154656474643225
2025-07-07,44.3,59.12902954159153,0.5970788566770793,0.18940270669311152,0.8153522999679355,41.9875,45.94197531285768,38.033024687142316,0.7923902435907336,18.836440906735014,1.2999999999999972,1.8549809224870746,4.187315852115293,40.59003815502585
2025-07-08,45.65,64.19149205563795,0.751665287118044,0.30185522277809806,0.8996201286798919,42.1575,46.42262309318276,37.89237690681724,0.9094254636615652,20.23423159904054,1.6000000000000014,1.8367679994522836,4.023588169665462,41.97646400109543
2025-07-09,44.65,58.41913838047343,0.7844419458724303,0.3983725673969646,0.7721387569509315,42.317499999999995,46.70284776272086,37.93215223727913,0.7659424207845283,20.725930230854196,1.3000000000000043,1.7984274280628352,4.027832985583057,41.05314514387433
2025-07-10,44.95,59.593055435238874,0.8251137788466991,0.4837208096869115,0.6827859383195752,42.4825,47.00126919083071,37.96373080916929,0.7730278861118803,21.273555891629307,0.8999999999999986,1.7342540403440614,3.8581847393638737,41.48149191931188
2025-07-11,45.95,63.31131343488057,0.9273482487969531,0.5724462975089198,0.7098039025760665,42.74,47.42962685082735,38.05037314917266,0.8422447139300318,21.94490805253788,2.1000000000000014,1.7603787517480571,3.831074541345064,42.42924249650389
2025-07-14,46.45,65.04339159740243,1.036764448914134,0.6653099277899628,0.7429090422483426,43.0625,47.840352551094554,38.284647448905446,0.8545002659431132,22.19031663788472,1.2999999999999972,1.7274945551946244,3.719041023023949,42.995010889610754
2025-07-15,45.6,59.868872372577684,1.0428681447448156,0.7408215711809334,0.6040931471277644,43.3375,48.03408120338622,38.640918796613775,0.7408666966482711,21.67444454980663,2.200000000000003,1.761244944109294,3.862379263397574,42.077510111781415
2025-07-16,45.4,58.68584193413361,1.0198112894013889,0.7966195148250245,0.4463835491527288,43.622499999999995,48.08763997540958,39.15736002459041,0.6990419124360099,20.47172892617152,1.9000000000000057,1.7711560195300593,3.9012247126212762,41.85768796093988
2025-07-17,46.3,62.29640396932329,1.0619198923157853,0.8496795903231766,0.42448060398521736,43.975,48.10422510890369,39.84577489109631,0.781529819600618,18.779875424235083,1.3999999999999986,1.7446448752779122,3.7681314800818844,42.81071024944417
2025-07-18,47.1,65.20711138380082,1.1466269755983873,0.9090690673782189,0.47511581644033685,44.3875,48.002728208564534,40.77227179143547,0.8751492082261978,16.289397729381157,1.3999999999999986,1.7200273841866327,3.6518628114365876,43.659945231626736
2025-07-21,47.25,65.74115224313667,1.2118917619241003,0.9696336062873953,0.4845163112734101,44.775,47.8295867150894,41.7204132849106,0.9051284561302043,13.644161764776772,1.3999999999999986,1.697168285316159,3.59189055093367,43.85566342936768
2025-07-22,48.55,70.03403514060074,1.3529181128981023,1.0462905076095368,0.613255210577131,45.1375,48.17721626965424,42.09778373034577,1.0613188365748627,13.468695739259973,2.1000000000000014,1.7259419792221478,3.554978330014723,45.0981160415557
2025-07-23,48.75,70.64350443021489,1.4639453894401413,1.1298214839756577,0.6682478109289671,45.489999999999995,48.488266165636496,42.491733834363494,1.0436475315906353,13.182089099303148,1.3999999999999986,1.7026604092777085,3.492636736979915,45.34467918144458
2025-07-24,50.25,74.7855838698365,1.6539075532330259,1.2346386978271315,0.8385377108117886,45.8,49.36679127508193,42.233208724918065,1.1238099816897447,15.575507751449488,2.8500000000000014,1.7846132371864438,3.5514691287292415,46.68077352562711
2025-07-25,52.75,79.88076015327923,1.9833205584470122,1.3843750699511077,1.197890976991809,46.2125,50.83460720343011,41.59039279656989,1.2071990882371202,20.003709833616927,3.5999999999999943,1.9142837202445546,3.628973877240862,48.92143255951089
2025-07-28,53.1,80.47560087847359,2.2467259550283813,1.5568452469665626,1.3797614161236376,46.625,52.08389182893383,41.16610817106617,1.0930690882790974,23.416157979340824,1.5499999999999972,1.8882634545128005,3.556051703413937,49.3234730909744
2025-07-29,53.35,80.9097680471028,2.447437009842517,1.7349635995417536,1.4249468206015266,47.057500000000005,53.169396186945626,40.94560381305438,1.014774777542862,25.976289377657636,1.9000000000000057,1.889101779190458,3.5409592862051698,49.571796441619085
2025-07-30,50.2,62.15503634817954,2.3255161894280363,1.8530741175190102,0.9448841438180522,47.39,53.42552814590408,41.35447185409592,0.7327882442157913,25.47173726906132,3.3500000000000014,1.9934516521054255,3.9710192273016442,46.213096695789154
2025-07-31,51.1,64.67453660020074,2.275287441930331,1.9375167824012745,0.6755413190581132,47.78,53.71518323221788,41.84481676778212,0.7796880795506098,24.843797539631147,3.8500000000000014,2.1260622483836094,4.160591484116652,46.847875503232785
2025-08-01,50.05,59.6824254023696,2.1262445492534425,1.975262335771708,0.3019644269634689,48.084999999999994,53.82530486995248,42.344695130047505,0.6711581566238543,23.87565714860139,2.3999999999999986,2.145629230641923,4.286971489794052,45.75874153871615
2025-08-04,51.5,63.834016665341665,2.1009118606974226,2.000392240756851,0.20103923988114314,48.445,54.092999645892355,42.797000354107645,0.770449733670028,23.317162332097656,1.9500000000000028,2.1316557141675,4.1391373090631065,47.236688571665
2025-08-05,51.0,61.48296757241987,2.0172362572908895,2.003761044063659,0.02695042645446133,48.7125,54.31222097519154,43.112779024808454,0.704251248422405,22.99089956455343,2.200000000000003,2.136537448869822,4.1892891154310234,46.72692510226035
2025-08-06,52.6,65.82109524011555,2.0563253286129353,2.014273900973514,0.08410285527884209,49.11,54.62784378176839,43.59215621823161,0.8162467204609322,22.471365431758876,2.450000000000003,2.1589276310934062,4.104425154169974,48.28214473781319
2025-08-07,53.0,66.8270046919499,2.095425594422373,2.030504239663286,0.129842709518174,49.5125,54.9313444340099,44.093655565990105,0.8217936999733426,21.88879347239545,2.8500000000000014,2.2082899431581633,4.166584798411629,48.58342011368367
2025-08-08,48.66,49.726671899447275,1.7559693856471768,1.9755972688600645,-0.43925576642577546,49.647999999999996,54.834280362649125,44.46171963735087,0.4047486897241963,20.892202556594945,4.5,2.371983518646866,4.874606491259486,43.91603296270627
2025-08-11,48.7,49.85403496547973,1.473193502582312,1.875116515604514,-0.803846026044404,49.7605,54.758617545636554,44.76238245436345,0.3939100581051927,20.088695031748287,2.1000000000000014,2.3525561244578044,4.830710727839434,43.99488775108439
2025-08-12,51.15,57.033989235230784,1.4302985115476403,1.7861529147931394,-0.7117088064909982,50.038,54.685294266559836,45.39070573344016,0.6196395080898504,18.575060020623685,3.3499999999999943,2.4238021155679608,4.738616061716443,46.30239576886407
2025-08-13,52.05,59.337252157674904,1.4521864984971486,1.7193596315339414,-0.5343462660735856,50.37050000000001,54.57318235773296,46.16781764226705,0.6998128643852543,16.68707818160611,1.1499999999999986,2.332816250170249,4.481875600711334,47.3843674996595
2025-08-14,52.0,59.147552111167485,1.4487974683465055,1.6652471988964543,-0.43289946109989774,50.6555,54.470588334495,46.84041166550501,0.6762082397730338,15.062878994363867,2.549999999999997,2.3483293751580883,4.51601802915017,47.303341249683825
2025-08-15,52.75,61.153711700391355,1.4894607926632801,1.6300899176498196,-0.2812582499730789,50.938,54.48549827343153,47.39050172656847,0.755391244806334,13.928690853317871,1.75,2.3055915626467964,4.370789692221415,48.13881687470641
2025-08-18,51.8,57.31436025905197,1.4285621345905142,1.5897843610379585,-0.32244445289488866,51.165499999999994,54.29696275724295,48.03403724275704,0.6013104815844333,12.2405244050892,2.049999999999997,2.2873350224577393,4.415704676559343,47.22532995508452
2025-08-19,50.05,50.966608843062325,1.2249684607774896,1.5168211809858647,-0.5837054404167503,51.2405,54.18401133852065,48.29698866147935,0.2977755369207578,11.489003185061234,2.490000000000002,2.3018110922821866,4.599023161402971,45.446377815435625
2025-08-20,51.75,56.05795139637205,1.1871105287498693,1.4508790505386657,-0.5275370435775928,51.390499999999996,54.108156895194746,48.672843104805246,0.5661415354961948,10.576495247933957,3.1499999999999986,2.3623960142620306,4.565016452680252,47.025207971475936
2025-08-21,51.7,55.87418868748436,1.1399328266912079,1.3886898057691741,-0.49751395815593247,51.463,54.132015548849346,48.793984451150656,0.54439839252757,10.372561058816409,2.1499999999999986,2.3472248703861713,4.540086789915225,47.00555025922766
2025-08-22,56.9,67.72412884887814,1.5047943669393575,1.4119107180032109,0.1857672978722933,51.670500000000004,55.21060437699223,48.13039562300778,1.2386081656218182,13.702613200925965,5.799999999999997,2.5938516653585877,4.5586145261135105,51.71229666928282
2025-08-25,57.8,69.26268459475362,1.8453007660860479,1.4985887276197782,0.6934240769325393,51.905499999999996,56.31196105168302,47.49903894831697,1.1688473960014498,16.978782794436135,5.75,2.8192908321186887,4.877665799513302,52.16141833576262
2025-08-26,56.2,63.470170673909834,1.9634148877413011,1.5915539596440829,0.7437218561944365,52.048,56.802671807811706,47.2933281921883,0.9366231958616428,18.270334336811032,2.3999999999999986,2.789341486967354,4.963241080013085,50.6213170260653
2025-08-27,56.25,63.57269560956053,2.0375679472975037,1.6807567571747672,0.7136223802454729,52.3505,57.359413954142084,47.34158604585791,0.8892560379057158,19.136069203320265,4.549999999999997,2.9151028093268283,5.182404994358806,50.41979438134634
2025-08-28,62.3,73.32745188912477,2.555066008803955,1.8556186075006047,1.3988948026067005,52.9105,59.492337053589154,46.328662946410844,1.2132887006736053,24.879133833886108,6.549999999999997,3.1747383229463404,5.095888158822377,55.95052335410732
2025-08-29,60.7,68.13126089179454,2.803760319000709,2.045246949800626,1.5170267384001663,53.443000000000005,60.701451901059826,46.18454809894018,0.9998999854872902,27.163340011076553,2.3999999999999986,3.119399871307316,5.139044269040059,54.46120025738537
2025-09-01,63.65,72.06220886113168,3.2019822393086983,2.2765940077022404,1.8507764632129158,54.0505,62.4938653835422,45.6071346164578,1.0684640877150322,31.242506113883127,5.1000000000000085,3.2608713090710797,5.123128529569646,57.128257381857836
2025-09-02,60.7,63.61219400063264,3.2421620089026106,2.469707607942315,1.5449088019205917,54.5355,63.32933755819941,45.741662441800585,0.8505011298652086,32.24995666382233,5.349999999999994,3.4100947869945735,5.617948578244766,53.879810426010856
2025-09-03,60.0,61.761525535415316,3.1808537143234545,2.6119368292185428,1.1378337702098236,54.905499999999996,63.96126606367448,45.849733936325514,0.7812848722117304,32.98673562274993,2.75,3.3629451593521043,5.604908598920174,53.27410968129579
2025-09-04,56.0,52.38317058077774,2.77748278592869,2.6450460205605726,0.2648735307362351,55.055499999999995,64.07937383555412,46.03162616444587,0.5523334001124145,32.78100765792383,5.449999999999996,3.512020505112668,6.271465187701193,48.97595898977467
2025-09-05,58.7,57.11670220972367,2.6451838216771932,2.6450735807838965,0.00022048178659339612,55.557500000000005,64.21187894941042,46.90312105058958,0.6815554887513959,31.154673804294355,4.200000000000003,3.5611618976046207,6.066715328116901,51.57767620479076
2025-09-08,58.15,55.89770586936696,2.467511598156186,2.6095611842583546,-0.28409917220433734,56.029999999999994,64.15061574020086,47.90938425979913,0.6305319736719597,28.986670498664523,2.1499999999999986,3.4603646192042907,5.950756008949769,51.229270761591415
2025-09-09,58.25,56.08123768627628,2.3081671313160115,2.5492823736698864,-0.4822304847077499,56.38499999999999,64.23758556145667,48.53241443854331,0.618750695895254,27.85345592429433,4.649999999999999,3.5453385749754127,6.086418154464228,51.15932285004917
2025-09-10,60.35,59.859061364922866,2.3245420689048686,2.504334312716883,-0.35958448762402906,56.8,64.56916983982187,49.030830160178134,0.728467138265148,27.35623183035869,2.700000000000003,3.484957248191455,5.774577047541764,53.38008550361709
2025-09-11,63.35,64.55033123245869,2.5501971673701647,2.5135068836475396,0.07338056744525012,57.36749999999999,65.30754250618328,49.427457493816696,0.8767297212414891,27.681326556615833,5.050000000000004,3.5967460161777804,5.677578557502415,56.156507967644444
2025-09-12,62.75,62.96536755140836,2.6500671485908853,2.5408189366362093,0.2184964239093521,57.86749999999999,65.84084779123532,49.894152208764666,0.8061762842809314,27.55725680644689,2.8999999999999986,3.546978443593653,5.652555288595463,55.6560431128127
2025-09-15,63.0,63.36896045837008,2.7180556848909845,2.5762662862871646,0.2835787972076398,58.427499999999995,66.18800739320548,50.66699260679451,0.7946005826889193,26.564571111909586,1.9500000000000028,3.4329085547655356,5.449061198040533,56.13418289046893
2025-09-16,63.2,63.70968304015522,2.756302479030481,2.612273524835828,0.28805790838930534,59.085,66.08607848834713,52.08392151165288,0.7938832928990277,23.698327793338827,2.25,3.3484150865679974,5.2981251369746785,56.50316982686401
2025-09-17,67.7,70.38448224380988,3.1138314205468376,2.71258510397803,0.8024926331376152,59.88250000000001,66.9926529519411,52.772347048058926,1.049742041615701,23.747014409689257,4.599999999999994,3.437814008955997,5.078011830067942,60.82437198208801
2025-09-18,69.5,72.55867106511063,3.5020511733525694,2.870478317852938,1.2631457109992628,60.7725,68.01780710184158,53.52719289815841,1.1022864094871616,23.84403176384577,5.599999999999994,3.5922558654591397,5.168713475480777,62.31548826908172
2025-09-19,69.75,72.85672330478525,3.7862455532048926,3.053631764923329,1.4652275765631275,61.415,69.41269341747956,53.41730658252044,1.0210877414845154,26.044755898329598,3.8499999999999943,3.6106661607834862,5.176582309367006,62.528667678433024
2025-09-22,73.35,76.76956106738847,4.252936357326178,3.293492683403899,1.9188873478445574,62.192499999999995,71.54238101528546,52.842618984714534,1.096665346957859,30.067551602799252,5.0,3.7099042921560947,5.05781089591833,65.9301914156878
2025-09-23,72.6,74.36443258262122,4.5102817297023705,3.5368504926635933,1.9468624740775544,63.0125,72.97301579989687,53.051984200103135,0.9812752769339145,31.61441237816899,4.450000000000003,3.762768271287803,5.182876406732511,65.07446345742439
2025-09-24,76.75,78.39741605672872,4.991560506011908,3.8277924953332563,2.327536021357303,64.0375,75.15536287916858,52.91963712083141,1.0717150921072824,34.72297600364969,6.099999999999994,3.929713394767245,5.120147745625075,68.8905732104655
2025-09-25,76.8,78.44142188631548,5.315735495929502,4.125381095452505,2.380708800953993,64.7625,77.1510784091636,52.3739215908364,0.9858305611197521,38.25849344655811,3.5999999999999943,3.9061624379981557,5.086149007810099,68.98767512400369
2025-09-26,72.95,67.10591997773457,5.202018060726147,4.340708488507234,1.7226191444378252,65.375,78.10616255492774,52.643837445072265,0.7974983614936256,38.94810724260875,5.599999999999994,4.027150835284002,5.520426093603841,64.895698329432
2025-09-29,76.5,71.23382521526263,5.336831830173921,4.539933156840572,1.5937973466666975,66.01750000000001,79.60386356793069,52.43113643206934,0.8857728356667466,41.15988508480531,3.549999999999997,3.993068632763716,5.219697559168257,68.51386273447257
2025-09-30,79.55,74.22638898408117,5.624941400764911,4.7569348056254395,1.7360131902789426,66.96000000000001,81.52044642172737,52.39955357827264,0.9323356453279126,43.48998333849273,3.450000000000003,3.9542780161377364,4.9708083169550425,71.64144396772453
2025-10-02,89.65,81.20079235233558,6.592264381703572,5.124000720841066,2.9365273217250127,68.4425,85.66150911783231,51.223490882167674,1.1158165041575228,50.31671583543067,10.799999999999997,4.443258157842184,4.956227727654416,80.76348368431564
2025-10-03,90.9,81.85521299329781,7.374728091764311,5.5741461950257145,3.601163793477193,70.1875,89.00820336092654,51.366796639073456,1.0502583937165972,53.62978695900708,2.6999999999999886,4.318739717996313,4.751088798675811,82.26252056400737
2025-10-06,91.05,81.93647468988507,7.915692786635091,6.04245551334759,3.746474546575003,71.80499999999999,91.91494530077073,51.69505469922926,0.9784945884279064,56.01266012330822,5.3999999999999915,4.395972595282291,4.828086321012949,82.25805480943542
2025-10-08,89.5,78.04679186543547,8.12567147593117,6.459098705864307,3.333145540133728,73.3725,93.86426602931016,52.88073397068984,0.8935117153136586,55.85680201522412,3.799999999999997,4.353403124190699,4.864137568928155,80.7931937516186
2025-10-09,83.5,65.15312608713447,7.718951970668201,6.711069358825085,2.0157652236862305,74.635,94.34063624956042,54.92936375043959,0.7249356450035394,52.80534936574104,11.0,4.828160043891363,5.7822275974746855,73.84367991221727
2025-10-10,77.55,55.38208091502577,6.837687948360539,6.736393076732177,0.20258974325672519,75.49499999999999,94.10254954312869,56.88745045687129,0.5552195224641728,49.294786523951785,6.849999999999994,4.972577183613408,6.412091790604009,67.60484563277318
2025-10-13,80.15,58.32338082704837,6.276723965659542,6.64445925451765,-0.7354705777162156,76.33500000000001,94.1746216327586,58.49537836724141,0.6069249135024978,46.740346191808726,5.900000000000006,5.038821670498165,6.286739451650861,70.07235665900367
2025-10-14,73.35,49.190079769985275,5.223242509518755,6.3602159055178715,-2.273946791998233,76.865,93.65785860120272,60.07214139879727,0.3953424165749763,43.694421651473945,9.75,5.375334408319724,7.3283359349962165,62.59933118336055
2025-10-15,76.0,52.32344888617838,4.549737180525042,5.998120160519306,-2.896765959988528,77.515,93.07173808997207,61.95826191002793,0.45130727305306456,40.138652105971936,4.650000000000006,5.323524807725459,7.004637904901919,65.35295038454908
2025-10-16,73.9,49.70742093461283,3.802691840937115,5.559034496602869,-3.5126853113315075,78.05,92.28014406111153,63.81985593888847,0.35418278331625563,36.46417440387323,3.6000000000000085,5.200415892887927,7.037098637196111,63.499168214224156
2025-10-17,69.1,44.26030023190709,2.791158405750707,5.005459278432437,-4.42860174536346,78.11999999999999,92.15828337083944,64.08171662916054,0.1787356487354969,35.94030560890797,5.75,5.239671900538789,7.5827379168434,58.62065619892242
2025-10-20,71.8,47.73010175496914,2.1822229974906833,4.440812022244086,-4.517178049506805,78.235,92.02441985726693,64.44558014273306,0.2666689365249547,35.25128103091183,3.6500000000000057,5.126123907643161,7.13944833933588,61.54775218471367
2025-10-21,74.05,50.49568358613774,1.859755392757151,3.9246006963466993,-4.129690607179096,78.45,91.83159183355954,65.06840816644046,0.3355950452409818,34.114956873319414,4.6000000000000085,5.088543628525794,6.87176722285725,63.87291274294841
2025-10-22,74.85,51.478697048510874,1.6497337036609991,3.4696272978095593,-3.6397871882971202,78.525,91.80786490181947,65.24213509818054,0.3616638794731468,33.83091983908173,3.4000000000000057,4.96793336934538,6.637185530187549,64.91413326130923
2025-10-23,74.05,50.400894210616414,1.4025687483445068,3.0562155879165487,-3.3072936791440837,78.5975,91.76554750143268,65.42945249856731,0.3273282352791774,33.50754795364403,3.1500000000000057,4.838080985820711,6.533532728994884,64.37383802835858
2025-10-24,80.0,57.523967083068776,1.6675811765342274,2.7784887056400844,-2.221815058211714,78.75999999999999,91.91304527476383,65.60695472523615,0.5471373729085819,33.40031811773449,6.0,4.9210752011192325,6.151344001399041,70.15784959776154
2025-10-27,82.8,60.405689062302834,2.0795700456112485,2.6387049736343178,-1.1182698560461386,79.06,92.29399410608858,65.82600589391143,0.6413027680841769,33.478355947605806,3.799999999999997,4.840998401039287,5.846616426375951,73.11800319792142
2025-10-28,80.1,56.43003261900409,2.163269928271461,2.5436179645617463,-0.7606960725805703,79.41749999999999,92.35493695636762,66.48006304363236,0.5263769401273908,32.580821497447374,5.450000000000003,4.884498515250766,6.098000643259384,70.33100296949846
2025-10-30,79.2,55.12757581507362,2.1323992388654034,2.4613742194224777,-0.6579499611141486,79.5525,92.42151219985384,66.68348780014615,0.4863043101317444,32.35350793464402,5.1000000000000085,4.899891478447141,6.186731664705985,69.40021704310573
2025-10-31,75.0,49.397628941226955,1.7488692202268652,2.318873219583355,-1.1400079987129796,79.325,92.34611746356615,66.30388253643386,0.33392362398612835,32.82979505468929,4.6000000000000085,4.87847065855806,6.504627544744079,65.24305868288388
2025-11-03,72.85,46.72053646253868,1.2569426333137415,2.1064871023294325,-1.699088938031382,78.485,90.8862539688528,66.0837460311472,0.2728052334807042,31.60159003338931,3.9000000000000057,4.808579897232485,6.600658747059004,63.23284020553503
2025-11-04,71.85,45.485785999752586,0.7774338528739548,1.8406764524383372,-2.1264851991287648,77.5325,88.8524061391863,66.2125938608137,0.2490041025901795,29.200415668748718,3.799999999999997,4.736538476001593,6.592259535144876,62.37692304799681
2025-11-05,71.7,45.29242322214559,0.3809248784225616,1.5487261376351822,-2.335602518425241,76.565,86.29408526018702,66.83591473981298,0.24997649471177127,25.413923490333758,3.0,4.612500013430051,6.433054412036332,62.4749999731399
2025-11-06,76.95,52.847736027845464,0.4847320935569712,1.3359273288195401,-1.7023904705251378,75.9375,83.66063893439633,68.21436106560367,0.5655497724824462,20.3407774403854,6.049999999999997,4.715178583899332,6.127587503442927,67.51964283220134
2025-11-07,75.45,50.69359229416907,0.44088040064454503,1.1569179431845413,-1.4320750850799926,75.535,82.4348623174661,68.6351376825339,0.4938404568026794,18.269311756049785,3.25,4.6105229707636655,6.110699762443559,66.22895405847267
2025-11-10,74.7,49.60484503236784,0.3416703232841627,0.9938684192044657,-1.304396191840606,75.39250000000001,82.23751826147958,68.54748173852045,0.4494157667995524,18.158353314930704,4.200000000000003,4.581199901423403,6.132797726135747,65.5376001971532
2025-11-11,72.65,46.65531760265855,0.09651518776493617,0.8143977729165598,-1.4357651703032472,75.0175,81.59543850685675,68.43956149314324,0.3200424040501334,17.53707736689907,4.049999999999997,4.543257051321731,6.253622919919795,63.56348589735654
2025-11-12,73.25,47.63669813538392,-0.048794564425492126,0.6417593054481494,-1.381107739747283,75.0125,81.59565084135166,68.42934915864835,0.3661355297429182,17.55214355301224,2.8499999999999943,4.4223101190844645,6.03728343902316,64.40537976183107
2025-11-13,75.6,51.40736407858998,0.025379214507083248,0.5184832872599362,-0.9862081455057059,74.9925,81.56595228932173,68.41904771067829,0.5462085958231448,17.530959200778,3.8999999999999915,4.385002253435573,5.800267530999436,66.82999549312885
2025-11-14,73.5,48.07576054785338,-0.08431801526947424,0.39792302675405417,-0.9644820840470568,74.9725,81.56154203962829,68.3834579603717,0.38826145051556965,17.5772237543854,4.049999999999997,4.3610735210473175,5.933433361969139,64.77785295790537
2025-11-17,72.95,47.21275146433733,-0.21317689312553512,0.27570304277813634,-0.9777598718073429,75.165,81.26320465382959,69.06679534617042,0.3183891714253132,16.226181477628103,2.8500000000000085,4.253139698115367,5.830212060473429,64.44372060376926
2025-11-18,74.0,49.0915923797538,-0.2279446533475209,0.17497350355300492,-0.8058363138010516,75.275,81.2034483636099,69.34655163639012,0.3924676473673757,15.7514403549914,3.450000000000003,4.195772576821413,5.6699629416505575,65.60845484635718
2025-11-19,73.0,47.36260451697079,-0.3166892557624834,0.07664095168990726,-0.7866604149047813,75.2225,81.21169652374078,69.23330347625921,0.31445758281681435,15.923949679260293,2.700000000000003,4.088931678477026,5.601276271886337,64.82213664304595
2025-11-20,73.5,48.342263412244186,-0.3427234684150875,-0.007231932331091699,-0.6709830721679916,75.155,81.18972451732378,69.12027548267622,0.3628769221155812,16.059409267044856,2.950000000000003,4.007579415728667,5.452489000991384,65.48484116854266
2025-11-21,68.8,40.678264313760145,-0.7341437379473206,-0.1526142934543375,-1.163058888985966,74.89250000000001,81.52388560181726,68.26111439818277,0.04063144825038927,17.709077949907513,4.900000000000006,4.07132374317662,5.91762171973346,60.65735251364676
2025-11-24,68.05,39.59940403590598,-1.0922747897124765,-0.3405463927059653,-1.5034567940130223,74.295,81.12829349581806,67.46170650418195,0.043046116501368116,18.39502926392908,5.849999999999994,4.1983720472354324,6.169540113498064,59.653255905529136
2025-11-25,67.95,39.449171466252245,-1.3683914281072447,-0.5461153997862213,-1.6445520566420468,73.5525,79.72287073440403,67.38212926559596,0.046015933146267195,16.778140061599622,3.3499999999999943,4.137774043861473,6.089439358147863,59.67445191227706
2025-11-26,68.85,41.596705163962085,-1.4973330516004921,-0.7363589301490754,-1.5219482429028335,72.99,78.70459534875305,67.27540465124694,0.13776962782645963,15.658570622696399,3.049999999999997,4.060075897871368,5.89698750598601,60.72984820425726
2025-11-27,68.35,40.73239031918861,-1.6211781064558863,-0.9133227654104377,-1.4157106820908973,72.44749999999999,77.74584644016322,67.14915355983676,0.11332275585647031,14.626719873462108,3.6499999999999915,4.030784762309127,5.897271049464706,60.288430475381745
2025-11-28,68.8,41.90242368880699,-1.6638353077647565,-1.0634252738813015,-1.20082006776691,72.1375,77.52692251080674,66.74807748919326,0.1903657123460137,14.942082857894267,1.6999999999999886,3.8643001364299026,5.6167153145783475,61.07139972714019
2025-12-01,69.45,43.63338869682707,-1.6264432540008755,-1.1760288699052164,-0.9008287681913183,71.9675,77.46961550224007,66.46538449775993,0.27122435916012216,15.29055616004467,2.1000000000000085,3.738278698113482,5.382690710026612,61.97344260377304
2025-12-02,68.65,41.97574935649929,-1.6424301833425545,-1.2693091325926842,-0.7462421014997407,71.8075,77.49690023200958,66.11809976799043,0.22251029359515406,15.846256260166625,1.6000000000000085,3.585544505391091,5.222934457962259,61.47891098921782
2025-12-03,67.2,39.07796700687474,-1.7519079179168955,-1.3658288896575264,-0.7721580565187383,71.58250000000001,77.61659272384762,65.5484072761524,0.13685509979986438,16.859128205490464,2.4000000000000057,3.5008627550060134,5.209617194949424,60.19827448998797
2025-12-04,69.8,46.244079726176665,-1.6103089017809253,-1.4147248920822062,-0.3911680193974383,71.225,76.77229663890355,65.67770336109643,0.3715590590553264,15.576824538865738,3.700000000000003,3.5150868439341556,5.0359410371549505,62.769826312131684
2025-12-05,69.75,46.13169946387941,-1.4850070070672245,-1.42878131507921,-0.11245138397602927,70.94,76.16614580737955,65.71385419262045,0.38614936859208326,14.733988743669446,2.3500000000000085,3.431866355081717,4.920238501909272,62.88626728983657
2025-12-08,71.8,51.35169523719227,-1.206380086626936,-1.3843010693887552,0.3558419655236382,70.79499999999999,75.74968465192194,65.84031534807804,0.6014191689889047,13.997272835431746,3.1500000000000057,3.411733044004452,4.751717331482523,64.9765339119911
2025-12-09,68.85,44.6469603255192,-1.2096623559500443,-1.349373326701013,0.27942194150193744,70.605,75.55200919748397,65.65799080251604,0.322620099342791,14.013197925030704,3.3499999999999943,3.4073235408612765,4.948908556080286,62.03535291827744
2025-12-10,68.7,44.33001914465258,-1.2104144204516416,-1.3215815454511388,0.22233424999899443,70.37750000000001,75.23470856047906,65.52029143952096,0.3273185123602596,13.803299521804698,2.1499999999999915,3.317514716514042,4.828987942524078,62.06497056697192
2025-12-11,67.15,41.08446032472274,-1.3208564718935918,-1.3214365307396296,0.0011601176920756906,69.955,74.37166163521624,65.53833836478375,0.1824524684397,12.627150697494798,2.700000000000003,3.273406522477325,4.874767717762211,60.60318695504536
2025-12-12,67.7,42.68790336391585,-1.3484580053949173,-1.3268408256706872,-0.043234359448460324,69.66499999999999,73.86905756382937,65.46094243617061,0.266297205715457,12.069353517058438,3.3000000000000114,3.2753060565860888,4.837970541486098,61.149387886827824
2025-12-15,64.7,36.804041867518464,-1.59403233499971,-1.3802791275364918,-0.4275064149264365,69.2525,73.69833794126497,64.80666205873503,-0.011995720508053127,12.839501653413146,3.549999999999997,3.2949270525442254,5.092622956018896,58.110145894911554
2025-12-16,63.45,34.66034236944195,-1.8679833643482198,-1.4778199748988377,-0.7803267788987642,68.725,73.2942997275284,64.15570027247159,-0.07722192836464589,13.297343695972073,3.1500000000000057,3.2845751202196385,5.176635335255537,56.880849759560725
2025-12-17,64.75,38.66179323078707,-1.9576260982896372,-1.5737811995769977,-0.767689797425279,68.3125,72.75129206541502,63.87370793458499,0.09870839324088475,12.995548590419064,2.1500000000000057,3.2035340402039503,4.9475429192339,58.3429319195921
2025-12-18,64.7,38.5639718640795,-2.009538484160686,-1.6609326564937354,-0.6972116553339007,67.87249999999999,71.89201178627346,63.85298821372652,0.10536252053868926,11.84430155445422,1.9499999999999957,3.1139958944750963,4.8129766529754185,58.47200821104981
2025-12-19,65.05,39.71385049194737,-1.9993896299666574,-1.7286240511883197,-0.5415311575566752,67.685,71.86077537709961,63.50922462290039,0.18448973399639498,12.338850194576677,1.4500000000000028,2.9951390448697324,4.604364404104124,59.059721910260535
2025-12-22,68.9,50.65472039978505,-1.661530674344931,-1.7152053758196422,0.10734940294942241,67.72749999999999,71.9344555500375,63.520544449962486,0.6393525538901357,12.423182754531044,5.400000000000006,3.1669148273790375,4.596393073119067,62.56617034524193
2025-12-23,68.9,50.65472039978505,-1.3778915418852193,-1.6477426090327576,0.5397021342950765,67.775,72.01227506777545,63.53772493222456,0.6327504094029258,12.503947083070283,2.049999999999997,3.0871351968519636,4.480602607912864,62.72572960629608
2025-12-24,71.05,55.84468496480529,-0.9684547111331909,-1.5118850294528443,1.0868606366393068,67.885,72.33697708888887,63.43302291111114,0.8554600503110315,13.116232124589725,3.5999999999999943,3.123768397076823,4.396577617279132,64.80246320584635
2025-12-29,69.55,51.75483663112606,-0.7562924681094358,-1.3607665171841627,1.2089480981494538,67.945,72.4524272040701,63.437572795929874,0.67803948098715,13.267870201104175,4.150000000000006,3.197070654428479,4.596794614562874,63.15585869114304
2025-12-30,72.5,58.23328648520267,-0.34612213561949545,-1.1578376408712294,1.623431010503468,68.13,73.04766204613445,63.21233795386554,0.9443168276920392,14.436113448215037,3.6000000000000085,3.2258513219693024,4.449450099268003,66.0482973560614
2025-12-31,71.45,55.38264263588655,-0.10457988497216775,-0.9471860896914172,1.6852124094384988,68.23,73.32896067841196,63.131039321588055,0.8157506208699425,14.946389208301191,2.25,3.156147656114352,4.417281534099863,65.1377046877713
2026-01-02,75.1,62.29274965488723,0.37702250382528746,-0.6823443709880763,2.1187337496267276,68.5525,74.46752113267493,62.63747886732506,1.0534637876297017,17.256908596112286,4.6000000000000085,3.259279966391899,4.339920061773501,68.58144006721619
2026-01-05,76.5,64.55997556839034,0.8617306716429454,-0.373529362461872,2.470520068209635,69.0175,75.82846725876662,62.20653274123337,1.0492978982074115,19.736928340686426,3.25,3.2586171116496208,4.259630211306694,69.98276577670076
2026-01-06,75.6,61.97997109527908,1.1598726188317983,-0.06684896620313799,2.4534431700698724,69.3075,76.69642921876986,61.918570781230144,0.9258059465514539,21.322163456393202,3.5,3.275858746531791,4.333146490121417,69.04828250693642
2026-01-07,74.7,59.42260179043033,1.3084468211155666,0.20821019126060294,2.2004732597099275,69.555,77.30921820688526,61.800781793114744,0.8317549147270297,22.296652165581936,3.0,3.256154550350949,4.35897530167463,68.1876908992981
2026-01-08,74.95,59.91734601270377,1.4298830557126507,0.4525447641510125,1.9546765831232764,69.7125,77.76494528078217,61.66005471921785,0.8252117721619125,23.101869193565463,3.3500000000000085,3.262857796754453,4.353379315216081,68.4242844064911
2026-01-09,74.4,58.23510295039294,1.464855797283434,0.6550069707774968,1.6196976530118743,69.99,78.28334673096397,61.69665326903602,0.7658757762734596,23.698661897310974,2.75,3.226225096986278,4.336324055089083,67.94754980602745
2026-01-12,75.3,60.204073848056716,1.5473574518214122,0.8334770669862799,1.4277607696702646,70.32,78.90198112325999,61.73801887674001,0.7901427961955406,24.408364969453896,2.1500000000000057,3.149351875772973,4.182406209525861,69.00129624845405
2026-01-13,74.45,57.44937401683792,1.526555529287677,0.9720927594465594,1.108925539682235,70.685,79.31744461320145,62.05255538679855,0.7180726415691249,24.42511031534681,2.9000000000000057,3.131541027503476,4.206233750844158,68.18691794499306
2026-01-14,75.95,60.85344760133785,1.612519202182483,1.1001780479937442,1.0246823083774776,71.0975,79.90661317897498,62.288386821025014,0.7754250003043234,24.780373934315506,2.299999999999997,3.072145239824656,4.044957524456427,69.80570952035069
2026-01-15,77.35,63.76697458407109,1.7731742826307482,1.234777294921145,1.0767939754192062,71.72999999999999,80.42674651809459,63.03325348190539,0.8231093368253827,24.24856132188652,3.450000000000003,3.0991348655514663,4.006638481643784,71.15173026889707
2026-01-16,79.2,67.23703544902064,2.0264148809006883,1.3931048121170537,1.2666201375672692,72.5175,80.91995648605159,64.11504351394841,0.8976515683891502,23.173596679564497,2.3500000000000085,3.045625232297791,3.8454864044164023,73.10874953540443
2026-01-19,77.0,59.8913514359399,2.0262311344637283,1.5197300765863888,1.013002115754679,73.13,80.94360352206269,65.3163964779373,0.7476450199368686,21.36907841395513,3.0999999999999943,3.04950914427652,3.9604014860734025,70.90098171144696
2026-01-20,74.5,52.8283005235689,1.803566021050571,1.5764972654792253,0.4541375111426915,73.62,80.42105874110719,66.81894125889282,0.564695809395166,18.47611719942185,3.8499999999999943,3.1066870625424827,4.170049748379171,68.28662587491503
2026-01-21,77.25,58.610531568361274,1.8279330573103323,1.6267844238454467,0.4022972669297711,74.22999999999999,79.94947550042748,68.5105244995725,0.7640102225959605,15.410145494887493,4.400000000000006,3.1990665580751627,4.141186482945194,70.85186688384968
2026-01-22,77.85,59.769243183718345,1.87405614204593,1.6762387674855435,0.39563474912077323,74.6775,80.04876381776117,69.30623618223882,0.795321558169372,14.38522665531432,3.049999999999997,3.1884189467840796,4.095592738322518,71.47316210643183
2026-01-23,78.1,60.26835233062046,1.9087787167869834,1.7227467573458317,0.3720639188823034,75.1375,80.00277234592168,70.27222765407832,0.8044536656291512,12.950317340666595,1.7000000000000028,3.082103307728074,3.9463550675135397,71.93579338454384
2026-01-26,75.55,53.04019944294371,1.7108117458087406,1.7203597550384138,-0.019096018459346276,75.3625,79.85258630206484,70.87241369793516,0.5208793314188388,11.915969619014334,3.3999999999999915,3.104810214318926,4.109609813790769,69.34037957136215
2026-01-27,76.6,55.41154185270483,1.6199736717282605,1.7002825383763833,-0.16061773329624573,75.715,79.34998280601027,72.08001719398973,0.621733725746472,9.601750791812114,3.200000000000003,3.111609484724717,4.062153374314252,70.37678103055056
2026-01-28,79.3,60.88178026692352,1.745727617428983,1.7093715541869035,0.07271212648415926,76.05499999999999,79.69559061142422,72.41440938857576,0.9456694457510746,9.573573365128475,3.3000000000000114,3.125065950101524,3.9408145650712787,73.04986809979695
2026-01-29,77.25,55.331312876517444,1.6608256932067178,1.6996623819908665,-0.0776733775682974,76.345,79.33864326531906,73.35135673468093,0.6511536144744263,7.84240818735756,3.950000000000003,3.1839898108085585,4.121669658004606,70.88202037838289
2026-01-30,75.4,50.82785080591044,1.4278019555031563,1.6452902966933245,-0.4349766823803365,76.36,79.33146428549801,73.38853571450198,0.33846347999449394,7.782777070450539,2.75,3.1529905386079475,4.181685064466774,69.09401892278412
2026-02-02,72.2,44.13619817195439,0.9736915974105784,1.5109705568367755,-1.0745579188523942,76.14500000000001,79.6237785212615,72.66622147873852,-0.06700936490913123,9.137247412860958,4.550000000000011,3.2527769287073807,4.505231203195818,65.69444614258524
2026-02-03,70.45,40.96029351690266,0.4672097886781046,1.3022184032050415,-1.6700172290538737,75.8875,80.1611255100313,71.61387448996871,-0.13616945228785182,11.263055206802951,4.3500000000000085,3.3311500052282828,4.728388935739223,63.78769998954344
2026-02-04,68.75,38.092747543143474,-0.07054330692345445,1.0276660611793424,-2.196418736205594,75.59,80.8641444803864,70.3158555196136,-0.1484463997371274,13.954609023379804,2.6500000000000057,3.282496433426263,4.774540266801837,62.18500713314747
2026-02-05,67.45,36.016279319620075,-0.594759626190509,0.7031809237053722,-2.5958810997917627,75.215,81.572994966968,68.85700503303201,-0.11064848590962169,16.90618883724787,3.25,3.2801752596101017,4.863121215137289,60.8896494807798
2026-02-06,67.6,36.446759617806315,-0.9867267181952855,0.3651993953252407,-2.703852227041052,74.875,82.04622723109443,67.70377276890557,-0.007235356345676287,19.155197946162094,3.299999999999997,3.281591312495094,4.854425018483867,61.036817375009804
2026-02-09,70.35,43.89890388379209,-1.0632054744019257,0.07951842137980744,-2.2854477915634663,74.6275,82.05989362520516,67.19510637479483,0.21223940659615384,19.91864560706218,4.150000000000006,3.3436205044597305,4.752836537966924,63.66275899108054
2026-02-10,71.55,46.82880658831616,-1.015281930411092,-0.13944164897837247,-1.751680562865439,74.4825,82.03526604960001,66.92973395039999,0.3058658257953516,20.280645922465034,1.7999999999999972,3.2333618969983213,4.519024314463063,65.08327620600335
2026-02-11,70.0,43.65724388276023,-1.0898115534335346,-0.3295156298694049,-1.5205918471282596,74.18499999999999,81.94889721724795,66.42110278275203,0.23048329447852797,20.931178047443446,3.299999999999997,3.2381217614984408,4.625888230712058,63.52375647700312
2026-02-12,69.8,43.25020920999701,-1.1517386192951733,-0.4939602277545586,-1.3155567830812294,73.8075,81.65289833278021,65.9621016672198,0.24459550490536705,21.259081618481066,1.6500000000000057,3.1246844928199815,4.47662534787963,63.550631014360036
2026-02-13,70.35,44.77506126962965,-1.143257105434131,-0.6238196032904731,-1.0388750042873156,73.365,80.93745666874301,65.79254333125698,0.300923258336685,20.64324042457034,2.75,3.0979213147614115,4.4035839584383965,64.15415737047717
2026-02-16,69.9,43.739509390838414,-1.159480909612114,-0.7309518645548013,-0.8570580901146252,73.01,80.53307118137207,65.48692881862794,0.2933025007326332,20.60833086254502,1.4000000000000057,2.9766412208498827,4.258428069885382,63.94671755830024
2026-02-20,67.7,38.991608216888594,-1.334476985140597,-0.8516568886719604,-0.9656401929372733,72.67,80.50130895827708,64.83869104172292,0.18268395318849603,21.55307267999746,2.75,2.9604525622177484,4.37289891021824,61.7790948755645
2026-02-23,71.1,48.326996544677655,-1.185149386365012,-0.9183553882105708,-0.5335879963088823,72.3625,79.9287986327524,64.79620136724759,0.4165708319696112,20.912209038527987,4.049999999999997,3.038277379202195,4.273245259074817,65.02344524159561
2026-02-24,69.4,44.64823377640755,-1.1902613886193052,-0.9727365882923178,-0.4350496006539748,71.94000000000001,79.16963346235417,64.71036653764585,0.3243341095211682,20.099064393533936,2.5,2.9998289949734667,4.322520165667819,63.40034201005307
2026-02-25,69.85,45.82385747466627,-1.1448048503442294,-1.0071502407027002,-0.2753092192830584,71.5275,78.22611739465624,64.82888260534376,0.37478759412813906,18.730187395494706,1.5999999999999943,2.8998412096182187,4.151526427513557,64.05031758076356
2026-02-26,67.6,41.121064263856,-1.2756317237715251,-1.0608465373164653,-0.4295703729101197,71.13,77.7699096379387,64.4900903620613,0.23418312955416531,18.66978669461184,3.0500000000000114,2.910566837502633,4.30557224482638,61.77886632499473
2026-02-27,68.0,42.25564633954943,-1.3316854653596124,-1.1150143229250948,-0.43334228486903514,70.7,76.97088510499047,64.42911489500953,0.28471938531840585,17.73942038186837,2.549999999999997,2.8848120633953016,4.242370681463679,62.2303758732094
2026-03-02,64.6,35.91969024841843,-1.6316513829530095,-1.2183417349306778,-0.8266192960446634,69.965,75.42513736090875,64.50486263909126,0.00871199336392729,15.608196558018284,3.450000000000003,2.9251826302956374,4.528146486525754,58.74963473940872
2026-03-03,62.55,32.73277935797172,-2.0116058610338428,-1.376994560151311,-1.2692226017650636,69.23,74.52475211884294,63.93524788115707,-0.1308132892781947,15.296120522440953,4.5,3.0376695852745206,4.856386227457268,56.474660829450954
2026-03-04,61.25,30.8627593042513,-2.390070413820453,-1.5796097308851393,-1.6209213658706276,68.52250000000001,74.10411938867135,62.940880611328666,-0.15146864140902716,16.291347772399845,2.5,2.999264614897769,4.896758554935133,55.25147077020446
2026-03-05,61.5,31.67120063843386,-2.639407936216571,-1.7915693719514258,-1.6956771285302907,67.9875,74.08404615335535,61.89095384664464,-0.03206355178903001,17.934314847156763,2.299999999999997,2.949317142405071,4.7956376299269445,55.60136571518986
2026-03-06,61.8,32.6883682330068,-2.7807475000743125,-1.989404997576003,-1.5826850049966188,67.55499999999999,74.10205277204881,61.007947227951185,0.06048926132307241,19.38288142120883,2.5,2.9172230608047087,4.720425664732539,55.96555387839058
2026-03-09,60.85,31.109074710835017,-2.935577671187076,-2.1786395322982175,-1.513876277777717,67.16,74.29761865050186,60.02238134949814,0.057975824362910586,21.255564772191367,3.5,2.958849985032944,4.862530788879119,54.93230002993411
2026-03-10,64.2,41.78925647778342,-2.7561930169741373,-2.2941502292334017,-0.9240855754814712,66.99749999999999,74.24839477237063,59.74660522762934,0.30709277352501474,21.64526966639247,3.3500000000000014,2.9867892718163054,4.652319738031628,58.22642145636739
2026-03-11,63.75,40.872611004145114,-2.6201373133375228,-2.3593476460542258,-0.521579334566594,66.80499999999999,74.18496612458296,59.425033875417036,0.29302073014782076,22.09405321333122,2.0500000000000043,2.9198757524008556,4.580197258668009,57.91024849519829
2026-03-12,63.1,39.52401059419559,-2.5355337015044057,-2.394584857144262,-0.28189768872028775,66.44250000000001,73.80254585583488,59.08245414416514,0.2729294038738798,22.154632519350923,3.1999999999999957,2.9398846272293655,4.659088157257314,57.22023074554127
2026-03-13,62.2,37.67061774281923,-2.5121487212761338,-2.418097629970636,-0.18810218261099543,65.975,73.16377597369622,58.78622402630377,0.23743791614784351,21.792424323444408,1.8000000000000043,2.8584642967129827,4.595601763204152,56.48307140657404
2026-03-16,62.5,38.70245916187201,-2.4412670561824683,-2.4227315152130027,-0.03707108193893127,65.6,72.69161476675038,58.508385233249605,0.2814320079444675,21.62077672789752,3.6500000000000057,2.9150025612334844,4.664004097973575,56.66999487753303
2026-03-17,61.85,37.263078540565346,-2.4097641327480375,-2.4201380387200095,0.02074781194394415,65.2025,72.1984613349412,58.2065386650588,0.2603974750935229,21.459181273543805,2.25,2.8675023782882354,4.636220498445005,56.11499524342353
2026-03-18,61.7,36.92182058572505,-2.369586467575772,-2.410027724491162,0.08088251383078049,64.77000000000001,71.50419631433421,58.03580368566581,0.2720589171520511,20.794183462511032,1.6000000000000014,2.7769664941247902,4.500756068273566,56.146067011750425
2026-03-19,59.75,32.72593060072373,-2.4666599610439377,-2.4213541718017173,-0.09061157848444079,64.2625,70.90297249824833,57.622027501751674,0.160227491252291,20.666710751210516,2.450000000000003,2.7536117445444486,4.608555220994893,54.2427765109111
2026-03-20,56.9,27.760439047282844,-2.7419550347179253,-2.4854743443849587,-0.5129613806659332,63.722500000000004,70.89240062692592,56.552599373074095,0.024226320907522202,22.50351328628322,4.150000000000006,2.853353762791274,5.0146814811797435,51.19329247441745
2026-03-23,54.15,23.979626286597934,-3.145767926801895,-2.6175330608683463,-1.0564697318670975,62.875,70.35667761935736,55.393322380642644,-0.08309114906433522,23.798576920421013,4.100000000000001,2.942399922591897,5.433794870899164,48.265200154816206
2026-03-24,55.2,28.011116116455554,-3.342535657901287,-2.7625335802749342,-1.1600041552527056,62.165,69.72972735794178,54.600272642058215,0.039639720611488245,24.337576957908098,2.1000000000000014,2.8822284995496186,5.221428441213076,49.435543000900765
2026-03-25,56.5,32.765216172740566,-3.3549031320344085,-2.8810074906268293,-0.9477912828151585,61.4975,68.57206535767344,54.42293464232657,0.14679808954062046,23.00765188072177,2.5,2.854926463867503,5.052967192685846,50.79014707226499
2026-03-26,53.15,27.690420444786866,-3.593596701431771,-3.023525332787818,-1.1401427372879063,60.775,68.15399044585324,53.396009554146765,-0.01666959429965222,24.282979665498104,3.6000000000000014,2.9081460021626815,5.471582318274095,47.33370799567464
2026-03-27,52.5,26.822348807016326,-3.7915065156156658,-3.1771215693533876,-1.2287698925245563,60.0,67.43653144953973,52.56346855046027,-0.004267349024940903,24.78843816513243,1.6500000000000057,2.8182784305796336,5.368149391580254,46.863443138840736
2026-03-30,51.4,25.372719226781726,-3.9911052986302096,-3.3399183152087524,-1.3023739668429144,59.339999999999996,67.34747151103228,51.33252848896771,0.004213034722591836,26.988444593974677,3.1799999999999997,2.8441156855382315,5.533298999101618,45.71176862892354
2026-03-31,50.7,24.46652243627112,-4.157843885907937,-3.5035034293485894,-1.3086809131186952,58.7475,67.4414332295569,50.0535667704431,0.03717725984823622,29.59762791457306,2.8999999999999986,2.8481074222855005,5.617568880247535,45.003785155429
2026-04-01,52.85,32.446940327781576,-4.06958672339438,-3.6167200881577477,-0.9057332704732648,58.3275,67.30427419789503,49.350725802104975,0.19490710809655742,30.780589594599544,2.9499999999999957,2.855385463550822,5.402810716274025,47.13922907289836
2026-04-02,51.0,29.553509122961927,-4.10164066474821,-3.71370420347584,-0.7758729225447398,57.802499999999995,67.1942769884082,48.410723011591784,0.1378480873004133,32.496092689444964,2.8000000000000043,2.8514293590114774,5.591037958846034,45.29714128197705
2026-04-08,56.15,44.41378029223892,-3.669185596979858,-3.704800482176644,0.07122977039357181,57.52,66.7523561456431,48.287643854356894,0.42580442205717306,32.101377418786875,6.149999999999999,3.0870415476535147,5.497847814164763,49.975916904692966
2026-04-09,55.7,43.549332360970574,-3.3244508789621463,-3.628730561533745,0.6085593651431971,57.2625,66.39572916607233,48.12927083392768,0.41446070324150525,31.89951247700441,2.5,3.0451100085354064,5.466983857334661,49.60977998292919
2026-04-10,58.25,49.54253395206211,-2.8130552921509846,-3.465595507657193,1.305080431012417,56.96500000000001,65.54585660059614,48.38414339940388,0.5748759744983222,30.126767666448263,3.8999999999999986,3.106173579354306,5.332486831509538,52.03765284129139
2026-04-13,57.15,47.21392226798529,-2.468080911690379,-3.26609258846383,1.5960233535469026,56.635000000000005,64.6346937441376,48.6353062558624,0.5321887322484938,28.249999979297613,1.6499999999999986,3.0021611808289985,5.2531254257725255,51.145677638342
2026-04-14,57.95,49.08813901381999,-2.1058578966663646,-3.0340456501043374,1.8563755068759455,56.3775,63.84184692387715,48.913153076122846,0.6053340644557832,26.47987911445932,1.75,2.91272109648407,5.026265912828421,52.12455780703186
2026-04-15,59.3,52.17411072012538,-1.690374247896365,-2.765311369662743,2.1498742435327562,56.2325,63.34307487127408,49.12192512872593,0.7156998594018292,25.289911959361845,2.5,2.8832410181637793,4.86212650617838,53.53351796367244
2026-04-16,59.95,53.63145027277961,-1.293737494610511,-2.470996594652297,2.3545182000835725,56.105000000000004,62.84316740664659,49.366832593353415,0.7853149653277578,24.019846383197894,1.3999999999999986,2.777295231152081,4.632685956884205,54.39540953769584
2026-04-17,59.35,52.05463900755995,-1.0161020042058055,-2.180017676562999,2.3278313447143866,55.98,62.37104060384492,49.588959396155076,0.7636503355942204,22.83329976364745,1.8000000000000043,2.7074884289269328,4.5619013124295416,53.935023142146136
2026-04-20,59.8,53.166780724251396,-0.7511043749234219,-1.8942350162350836,2.2862612826233235,55.88499999999999,61.98287667963155,49.78712332036843,0.8210133793847528,21.822945977029836,2.1500000000000057,2.6676678268607237,4.460982988061411,54.46466434627855
2026-04-21,60.1,53.933944328872066,-0.510993931754335,-1.6175867993389341,2.213185735169198,55.902499999999996,62.04647875972845,49.75852124027154,0.8415946053974902,21.981051866118527,1.1000000000000014,2.555691553513529,4.252398591536654,54.98861689297294
2026-04-22,59.3,51.510765857563975,-0.38086758531981246,-1.37024295653511,1.978750742430595,56.0225,62.331261764403095,49.71373823559691,0.759757787850949,22.522242900274332,1.6999999999999957,2.4945707282625627,4.20669600044277,54.31085854347487
2026-04-23,58.45,48.99214224085455,-0.3423826405597694,-1.164670893340042,1.6445765055605452,56.2375,62.56939347667775,49.90560652332224,0.674710772389752,22.518403117769303,2.75,2.5128156762438083,4.2990858447285,53.42436864751239
2026-04-24,64.3,62.56026247686545,0.1583378448283952,-0.9000691457063547,2.1168139810695,56.692499999999995,63.90708765280415,49.47791234719584,1.0272304091449447,25.451647582322728,7.649999999999999,2.8797574136549646,4.478627392931516,58.54048517269007
2026-04-27,68.25,68.62828018752236,0.863935514635898,-0.5472682136379042,2.8224074565476043,57.279999999999994,66.07644246272287,48.48355753727712,1.1235475333629548,30.713835414535172,5.650000000000006,3.077631884108182,4.509350745946055,62.094736231783635
2026-04-28,66.05,62.54781947278178,1.2314102073382358,-0.1915325294426762,2.845885473561824,57.925,67.2890002135836,48.56099978641639,0.9338423651578793,32.331463836283504,3.6000000000000085,3.1149438923861696,4.716039201190265,59.82011221522766
2026-04-29,65.8,61.876909883243954,1.485341545411714,0.14384228552820186,2.6829985197670245,58.59000000000001,68.20418743316323,48.97581256683679,0.8749666859588042,32.8185268242472,2.1500000000000057,3.046019328644301,4.629208706146355,59.70796134271139
2026-04-30,70.9,69.14732895908898,2.074201237117009,0.5299140758459634,3.088574322542091,59.565,69.9860412147728,49.1439587852272,1.0438516059187821,34.99048506597096,5.900000000000006,3.249875090883994,4.583744839046536,64.40024981823201
2026-05-04,72.15,70.6259591321177,2.61163602421243,0.9462584655192567,3.3307551173863468,60.6375,71.58993694343835,49.68506305656166,1.0255679653511813,36.12430243146021,3.75,3.2855982986779946,4.5538437958114955,65.57880340264401
2026-05-05,70.8,66.89704673978102,2.8952486235126713,1.3360564971179398,3.118384252789463,61.535000000000004,72.72696586842511,50.343034131574896,0.9139129849447857,36.37593521873765,2.0500000000000114,3.197341277343853,4.516018753310528,64.40531744531229
2026-05-06,74.85,71.72085497419087,3.4075348637221197,1.750352170438776,3.3143653865666876,62.7275,74.25279717621164,51.202202823788355,1.0259083481604703,36.74719118795311,8.600000000000009,3.5832454718192928,4.787235099290973,67.6835090563614
2026-05-07,76.75,73.66005005223147,3.9216333725617574,2.184608410863372,3.4740499233967705,63.75749999999999,76.37741580795972,51.137584192040265,1.0147617542664302,39.58723540904123,5.050000000000011,3.68801365240363,4.805229514532417,69.37397269519273
2026-05-08,73.35,65.06212826732532,4.008501054728853,2.5493869396364683,2.91822823018477,64.64,77.35084576257582,51.92915423742419,0.8426207886828664,39.32811188915783,4.25,3.728155534374799,5.082693298397818,65.8936889312504
2026-05-11,76.6,68.80985565402275,4.2901381156320895,2.8975371748355925,2.785201881592994,65.5575,78.92313784486139,52.191862155138615,0.9130928926914417,40.77531280131605,4.5,3.7832872819194563,4.93901733932044,69.03342543616108
2026-05-12,76.6,68.80985565402275,4.46190346972287,3.210410433813048,2.5029860718196435,66.53,80.1354180384136,52.9245819615864,0.8700731565751345,40.90009931884444,4.599999999999994,3.841623904639495,5.0151748102343285,68.916752190721
2026-05-13,74.15,62.90997596336307,4.350187966862677,3.4383659404229743,1.8236440528794056,67.34,80.73300563727165,53.94699436272836,0.7542371811241656,39.77726651996329,4.5,3.888650768593817,5.244303126896583,66.37269846281237
2026-05-14,71.5,57.19738467632118,4.001690772691731,3.5510309068767256,0.9013197316300108,67.95,80.9275575514035,54.97244244859652,0.6367745812699582,38.19737321973065,4.599999999999994,3.939461427979973,5.509736262909053,63.62107714404006
2026-05-15,71.15,56.468055942659824,3.6551281188804126,3.5718503492774634,0.16655553920589838,68.51,81.01642235013634,56.00357764986368,0.6055457718478227,36.509771858520885,5.900000000000006,4.079499897409976,5.733661134799684,62.99100020518006
2026-05-18,68.7,51.51614076205933,3.1465091950238957,3.48678211842675,-0.6805458468057086,68.9775,80.75724851174631,57.1977514882537,0.4882213105091636,34.155336194400505,5.050000000000011,4.1488213333092645,6.039041242080443,60.402357333381474
2026-05-19,68.5,51.122022118424596,2.696206514566228,3.3286669976546457,-1.2649209661768355,69.4125,80.42185397741343,58.403146022586554,0.45855796798467646,31.72153135937602,4.200000000000003,4.152476952358603,6.062010149428617,60.19504609528279
2026-05-20,75.15,61.632519576310024,2.8431635995117546,3.2315663180260676,-0.7768054370286261,70.16499999999999,80.56596630126205,59.76403369873794,0.7396411956163693,29.647163974238026,9.850000000000009,4.559442884332989,6.067122933244163,66.03111423133403
2026-05-21,74.2,59.65886268994864,2.8501167162125256,3.1552763976633593,-0.6103193629016674,70.91,80.16238347670418,61.657616523295815,0.677792025605274,26.09613165055474,5.900000000000006,4.6551969640234905,6.273850355826806,64.88960607195303
2026-05-22,79.85,66.52472921833143,3.273796602901598,3.178980438711007,0.18963232838118138,71.97999999999999,80.10166239140658,63.8583376085934,0.984506719235654,22.56644176550872,6.5,4.786968609450384,5.9949512954920285,70.27606278109923
2026-05-26,84.4,70.83026613835779,3.9313942736363146,3.329463205696069,1.2038621358804908,72.985,81.983672124263,63.98632787573701,1.13426024653248,24.658963141091984,13.150000000000006,5.384327994489643,6.379535538494838,73.63134401102072
2026-05-27,85.2,71.5237701574425,4.465621573800121,3.5566948793168796,1.8178533889664825,73.83250000000001,84.00404241007664,63.660957589923385,1.0587893920954687,27.55302179955067,6.299999999999997,5.449733137740384,6.396400396408901,74.30053372451924
2026-05-28,88.25,74.05623833748658,5.076590295309671,3.8606739625154383,2.431832665588466,74.94250000000001,86.25582289824645,63.62917710175358,1.0881340133084438,30.192008268329545,8.200000000000003,5.646180770758928,6.397938550435047,76.95763845848214
2026-05-29,81.6,61.263346857555405,4.966932281731005,4.081925626358552,1.7700133107449059,75.7325,86.57880236532188,64.88619763467813,0.7704838848472333,28.643719315543198,8.850000000000009,5.875025001419005,7.199785540954664,69.84994999716199
2026-06-01,79.45,57.78763710684834,4.65290469523228,4.196121440133298,0.9135665101979651,76.16,86.88401976872416,65.43598023127583,0.6533939731067568,28.161816619548745,5.75,5.86609464417479,7.3833790360916165,67.71781071165043
2026-06-02,81.95,60.58765791708103,4.553277330365944,4.267552618179828,0.5714494243722328,76.65,87.49126376397082,65.80873623602919,0.7444364474192432,28.287707146694885,4.25,5.75065931244802,7.017277989564392,70.44868137510396
2026-06-03,82.95,61.682529300369154,4.503104582047698,4.314663010953402,0.376883142188591,77.25750000000001,88.08109806164228,66.43390193835774,0.7629670820913812,28.0195400100761,3.8999999999999915,5.6184693615588746,6.773320508208408,71.71306127688226
2026-06-04,81.5,59.118024819575474,4.2968085019459465,4.311092109151911,-0.028567214411928887,77.59,88.5055210594816,66.67447894051841,0.6791027647096901,28.13641206207396,4.75,5.556435835733241,6.817712681881277,70.38712832853352
2026-06-05,75.65,50.0728644381105,3.6195473736389374,4.172783162049316,-1.1064715768207574,77.535,88.4779475005588,66.5920524994412,0.41387146836335764,28.227116787409045,6.150000000000006,5.59883327603801,7.400969300777277,64.45233344792399
2026-06-08,72.55,46.051864336712505,2.8003878301090737,3.898304095661268,-2.1958325311043883,77.49499999999999,88.50449135973075,66.48550864026923,0.27542105087219376,28.41342372986841,4.949999999999989,5.552488042035295,7.653326040021081,61.44502391592941
2026-06-09,75.0,49.50318051349994,2.3221245087667484,3.583068178282364,-2.521887339031231,77.41499999999999,88.47249067374628,66.3575093262537,0.39079800873203957,28.566791122511887,5.200000000000003,5.52731032474706,7.369747099662748,63.94537935050588
2026-06-10,72.35,46.070041548429955,1.7095578096094783,3.208366104547787,-2.9976165898766176,77.20250000000001,88.47571937158976,65.92928062841027,0.2847775404677625,29.2042857979722,6.75,5.6146453015508415,7.760394335246498,61.12070939689831
2026-06-11,73.3,47.47633425336579,1.2859279705591007,2.82387847775005,-3.0759010143818983,77.16,88.48521964466855,65.83478035533145,0.3295838791163256,29.355157191986912,3.049999999999997,5.431456351440067,7.409899524474853,62.43708729711986
2026-06-12,71.65,45.26840160863235,0.807745869074509,2.4206519560149418,-3.2258121738808656,77.1675,88.47790560722676,65.85709439277325,0.25608743878846374,29.313909630937257,5.700000000000003,5.45063804062292,7.607310594030592,60.748723918754166
2026-06-15,76.65,52.48035012030811,0.8227570902010939,2.1010729828521724,-2.556631785302157,77.4425,88.41675510000502,66.46824489999497,0.463892765714931,28.34168602512839,5.299999999999997,5.439878180578425,7.097036112952935,65.77024363884316
2026-06-16,74.0,48.80939980761929,0.6137458578620993,1.8036075578541577,-2.3797233999841167,77.70750000000001,88.0630432015895,67.35195679841053,0.32098959331119675,26.652622209154796,5.0,5.408458310537109,7.30872744667177,63.18308337892578
2026-06-17,75.75,51.23525353879571,0.5825975036607502,1.5594055470154762,-1.9536160867094519,78.07000000000001,87.58432604023986,68.55567395976016,0.3780785948375214,24.37383384203881,4.099999999999994,5.314997002641602,7.016497693256239,65.12000599471679
2026-06-18,76.5,52.27899249163183,0.6113832944869131,1.3698010965097638,-1.5168356040457014,78.1375,87.58693781396471,68.6880621860353,0.41335463377619946,24.186690933200335,5.700000000000003,5.34249721673863,6.983656492468798,65.81500556652274
2026-06-22,78.9,55.557098455853755,0.8184219249691012,1.2595252622016313,-0.8822066744650603,78.3725,87.6507797435724,69.0942202564276,0.5284266057167242,23.677386184114063,5.900000000000006,5.382318844114443,6.821696887344034,68.13536231177112
2026-06-23,77.85,53.81536220003075,0.887544248851512,1.1851290595316075,-0.5951696213601911,78.27250000000001,87.52801052076471,69.0169894792353,0.4771757592921462,23.649456758797026,7.599999999999994,5.540724640963411,7.117180014082739,66.76855071807317
2026-06-24,84.8,62.25116752697886,1.486001405752532,1.2453035287757925,0.4813957539534788,78.29249999999999,87.60245569269725,68.98254430730273,0.8494914591862397,23.78249689995149,8.850000000000009,5.777101452323168,6.8126196371735475,73.24579709535367
2026-06-25,86.0,63.491129948330624,2.033670102404301,1.4029768435014942,1.2613865178056134,78.3325,87.76686669840566,68.89813330159433,0.9063600793308018,24.088001017216783,4.900000000000006,5.7144513485858,6.644710870448605,74.5710973028284
2026-06-26,80.0,53.94904182667949,1.9609470573034997,1.5145708862618954,0.8927523420832086,77.91999999999999,86.2393389160429,69.60066108395708,0.625009932940042,21.35353931222513,6.950000000000003,5.802704823686815,7.253381029608519,68.39459035262637
2026-06-29,84.8,59.2282026668169,2.264529320460383,1.6645625731015932,1.19993349471758,78.08000000000001,86.79018943536742,69.3698105646326,0.8857551003835614,22.310936053707504,6.450000000000003,5.848940193423472,6.897335133754094,73.10211961315305
2026-06-30,89.4,63.54165009551471,2.8435236369455765,1.9003547858703902,1.8863377021503727,78.5775,88.5840216234207,68.5709783765793,1.0407723286516204,25.469177877689404,7.299999999999997,5.952587322464653,6.658375081056659,77.4948253550707
2026-07-02,80.4,51.95928653976077,2.5467981169616536,2.029643452088643,1.034309329746021,78.5,88.42451510150426,68.57548489849574,0.5957225607784113,25.285388793641417,10.850000000000009,6.302402513717178,7.838809096663156,67.79519497256565
2026-07-03,77.6,48.968692797933564,2.061935693988943,2.036101900468703,0.05166758704047947,78.23249999999999,87.94904645437286,68.51595354562711,0.4674524275178379,24.840178837114692,5.0,6.209373762737379,8.001770312805903,65.18125247452524
