ts_code,trade_date,open,high,low,close,pre_close,change,pct_chg,vol,amount
600900.SH,20250102,29.51,29.73,29.08,29.2,29.51,-0.31,-1.0505,1041220.08,0
600900.SH,20250103,29.21,29.43,28.85,29.0,29.2,-0.2,-0.6849,946322.86,0
600900.SH,20250106,29.1,29.1,28.51,28.89,29.0,-0.11,-0.3793,794674.26,0
600900.SH,20250107,28.88,28.89,28.54,28.7,28.89,-0.19,-0.6577,654960.3,0
600900.SH,20250108,28.67,29.16,28.63,29.0,28.7,0.3,1.0453,906309.29,0
600900.SH,20250109,28.94,29.06,28.64,28.79,29.0,-0.21,-0.7241,581770.58,0
600900.SH,20250110,28.79,29.05,28.51,28.87,28.79,0.08,0.2779,694909.83,0
600900.SH,20250113,28.8,28.91,28.43,28.81,28.87,-0.06,-0.2078,906278.06,0
600900.SH,20250114,28.8,28.98,28.72,28.84,28.81,0.03,0.1041,819856.65,0
600900.SH,20250115,28.73,29.12,28.61,28.8,28.84,-0.04,-0.1387,722792.78,0
600900.SH,20250116,28.73,28.98,28.72,28.84,28.8,0.04,0.1389,720602.4,0
600900.SH,20250117,28.87,29.03,28.76,29.01,28.84,0.17,0.5895,596372.3,0
600900.SH,20250120,29.05,29.06,28.83,28.97,29.01,-0.04,-0.1379,665423.77,0
600900.SH,20250121,28.96,29.31,28.82,29.16,28.97,0.19,0.6559,789413.28,0
600900.SH,20250122,29.16,29.3,28.6,28.69,29.16,-0.47,-1.6118,1073703.2,0
600900.SH,20250123,28.72,28.81,28.28,28.5,28.69,-0.19,-0.6623,1034683.65,0
600900.SH,20250124,28.38,28.65,28.2,28.2,28.5,-0.3,-1.0526,840005.77,0
600900.SH,20250127,28.27,29.1,28.22,28.9,28.2,0.7,2.4823,995244.49,0
600900.SH,20250205,28.86,28.89,28.27,28.35,28.9,-0.55,-1.9031,902861.13,0
600900.SH,20250206,28.36,28.43,28.13,28.27,28.35,-0.08,-0.2822,676097.34,0
600900.SH,20250207,28.2,28.24,27.9,28.13,28.27,-0.14,-0.4952,1091475.51,0
600900.SH,20250210,28.05,28.16,27.9,27.91,28.13,-0.22,-0.7821,969000.76,0
600900.SH,20250211,27.98,27.98,27.7,27.9,27.91,-0.01,-0.0358,901386.3,0
600900.SH,20250212,27.85,28.03,27.77,27.99,27.9,0.09,0.3226,714700.71,0
600900.SH,20250213,27.92,28.23,27.83,28.17,27.99,0.18,0.6431,940018.14,0
600900.SH,20250214,28.17,28.5,28.05,28.21,28.17,0.04,0.142,928763.77,0
600900.SH,20250217,28.06,28.17,27.62,28.17,28.21,-0.04,-0.1418,1095807.19,0
600900.SH,20250218,28.05,28.56,28.05,28.36,28.17,0.19,0.6745,1083706.74,0
600900.SH,20250219,28.26,28.41,28.03,28.07,28.36,-0.29,-1.0226,832430.97,0
600900.SH,20250220,28.0,28.12,27.86,28.04,28.07,-0.03,-0.1069,696211.75,0
600900.SH,20250221,28.04,28.04,27.71,27.8,28.04,-0.24,-0.8559,1246881.6,0
600900.SH,20250224,27.8,27.92,27.51,27.55,27.8,-0.25,-0.8993,1294031.79,0
600900.SH,20250225,27.58,27.65,27.2,27.33,27.55,-0.22,-0.7985,973228.62,0
600900.SH,20250226,27.3,27.7,27.27,27.63,27.33,0.3,1.0977,889169.62,0
600900.SH,20250227,27.64,27.72,27.31,27.52,27.63,-0.11,-0.3981,991769.39,0
600900.SH,20250228,27.48,27.74,27.35,27.38,27.52,-0.14,-0.5087,1175017.75,0
600900.SH,20250303,27.38,27.43,27.06,27.09,27.38,-0.29,-1.0592,1127634.38,0
600900.SH,20250304,27.09,27.2,26.98,27.15,27.09,0.06,0.2215,647251.89,0
600900.SH,20250305,27.14,27.6,27.01,27.48,27.15,0.33,1.2155,946605.46,0
600900.SH,20250306,27.41,27.48,27.15,27.22,27.48,-0.26,-0.9461,980759.23,0
600900.SH,20250307,27.21,27.37,27.13,27.26,27.22,0.04,0.147,683832.13,0
600900.SH,20250310,27.27,27.28,27.03,27.1,27.26,-0.16,-0.5869,883223.5,0
600900.SH,20250311,27.04,27.29,27.03,27.19,27.1,0.09,0.3321,910403.12,0
600900.SH,20250312,27.16,27.19,27.01,27.12,27.19,-0.07,-0.2574,785237.85,0
600900.SH,20250313,27.1,27.35,27.09,27.25,27.12,0.13,0.4794,874096.6,0
600900.SH,20250314,27.29,27.55,27.23,27.45,27.25,0.2,0.7339,1114139.9,0
600900.SH,20250317,27.51,27.69,27.35,27.37,27.45,-0.08,-0.2914,763521.93,0
600900.SH,20250318,27.37,27.42,27.17,27.2,27.37,-0.17,-0.6211,777193.09,0
600900.SH,20250319,27.24,27.7,27.16,27.63,27.2,0.43,1.5809,1318599.32,0
600900.SH,20250320,27.7,27.76,27.54,27.64,27.63,0.01,0.0362,601941.52,0
600900.SH,20250321,27.67,27.76,27.37,27.4,27.64,-0.24,-0.8683,741876.71,0
600900.SH,20250324,27.42,27.8,27.37,27.7,27.4,0.3,1.0949,991624.78,0
600900.SH,20250325,27.71,28.0,27.56,27.93,27.7,0.23,0.8303,772559.82,0
600900.SH,20250326,27.93,27.99,27.61,27.83,27.93,-0.1,-0.358,690883.42,0
600900.SH,20250327,27.75,27.86,27.62,27.77,27.83,-0.06,-0.2156,572991.16,0
600900.SH,20250328,27.76,27.9,27.64,27.85,27.77,0.08,0.2881,572223.34,0
600900.SH,20250331,27.92,28.11,27.75,27.81,27.85,-0.04,-0.1436,904841.0,0
600900.SH,20250401,27.85,27.94,27.66,27.9,27.81,0.09,0.3236,579886.38,0
600900.SH,20250402,27.9,27.96,27.71,27.83,27.9,-0.07,-0.2509,553530.26,0
600900.SH,20250403,27.71,28.44,27.71,28.4,27.83,0.57,2.0481,1437982.29,0
600900.SH,20250407,28.04,28.86,27.77,28.33,28.4,-0.07,-0.2465,3258722.28,0
600900.SH,20250408,28.26,29.18,28.0,29.05,28.33,0.72,2.5415,2341190.48,0
600900.SH,20250409,29.05,29.6,28.76,29.57,29.05,0.52,1.79,2198018.03,0
600900.SH,20250410,29.46,29.49,28.85,29.17,29.57,-0.4,-1.3527,1385624.86,0
600900.SH,20250411,29.28,29.28,29.0,29.2,29.17,0.03,0.1028,873321.01,0
600900.SH,20250414,29.01,29.25,28.82,29.15,29.2,-0.05,-0.1712,826375.32,0
600900.SH,20250415,29.08,29.35,28.99,29.27,29.15,0.12,0.4117,783079.71,0
600900.SH,20250416,29.25,29.41,29.05,29.4,29.27,0.13,0.4441,1007602.06,0
600900.SH,20250417,29.3,29.32,29.0,29.21,29.4,-0.19,-0.6463,840853.37,0
600900.SH,20250418,29.1,29.6,29.06,29.58,29.21,0.37,1.2667,881173.88,0
600900.SH,20250421,29.5,29.7,29.3,29.31,29.58,-0.27,-0.9128,565837.45,0
600900.SH,20250422,29.32,29.82,29.23,29.33,29.31,0.02,0.0682,768948.56,0
600900.SH,20250423,29.28,29.38,29.08,29.2,29.33,-0.13,-0.4432,616106.91,0
600900.SH,20250424,29.2,29.55,29.16,29.46,29.2,0.26,0.8904,569273.25,0
600900.SH,20250425,29.48,29.73,29.3,29.52,29.46,0.06,0.2037,544572.23,0
600900.SH,20250428,29.52,29.92,29.41,29.72,29.52,0.2,0.6775,723470.85,0
600900.SH,20250429,29.72,29.77,29.35,29.46,29.72,-0.26,-0.8748,723059.23,0
600900.SH,20250430,29.55,29.57,29.32,29.5,29.46,0.04,0.1358,553508.78,0
600900.SH,20250506,29.65,29.65,29.13,29.18,29.5,-0.32,-1.0847,830990.0,0
600900.SH,20250507,29.28,29.38,29.06,29.35,29.18,0.17,0.5826,808889.9,0
600900.SH,20250508,29.28,29.48,29.22,29.31,29.35,-0.04,-0.1363,469960.5,0
600900.SH,20250509,29.3,29.77,29.28,29.55,29.31,0.24,0.8188,732927.55,0
600900.SH,20250512,29.46,29.69,29.31,29.54,29.55,-0.01,-0.0338,572354.98,0
600900.SH,20250513,29.42,29.74,29.36,29.74,29.54,0.2,0.677,616986.06,0
600900.SH,20250514,29.73,30.1,29.67,30.08,29.74,0.34,1.1432,747905.67,0
600900.SH,20250515,30.06,30.36,30.0,30.35,30.08,0.27,0.8976,715432.85,0
600900.SH,20250516,30.3,30.5,29.96,30.1,30.35,-0.25,-0.8237,637559.87,0
600900.SH,20250519,30.1,30.58,30.1,30.47,30.1,0.37,1.2292,561942.36,0
600900.SH,20250520,30.48,30.94,30.48,30.68,30.47,0.21,0.6892,605876.16,0
600900.SH,20250521,30.74,30.95,30.7,30.8,30.68,0.12,0.3911,535498.49,0
600900.SH,20250522,30.8,31.05,30.56,31.03,30.8,0.23,0.7468,537263.73,0
600900.SH,20250523,30.99,31.06,30.39,30.49,31.03,-0.54,-1.7403,854247.73,0
600900.SH,20250526,30.4,30.56,30.12,30.34,30.49,-0.15,-0.492,626512.37,0
600900.SH,20250527,30.3,30.59,30.22,30.26,30.34,-0.08,-0.2637,567980.57,0
600900.SH,20250528,30.27,30.55,30.2,30.53,30.26,0.27,0.8923,537809.08,0
600900.SH,20250529,30.48,30.55,30.11,30.29,30.53,-0.24,-0.7861,669368.74,0
600900.SH,20250530,30.32,30.49,30.2,30.2,30.29,-0.09,-0.2971,644789.98,0
600900.SH,20250603,30.28,30.35,29.85,30.15,30.2,-0.05,-0.1656,783222.52,0
600900.SH,20250604,30.14,30.16,29.85,29.89,30.15,-0.26,-0.8624,595581.98,0
600900.SH,20250605,29.89,29.94,29.65,29.8,29.89,-0.09,-0.3011,551350.38,0
600900.SH,20250606,29.8,30.02,29.75,29.99,29.8,0.19,0.6376,546936.54,0
600900.SH,20250609,29.93,30.09,29.85,29.98,29.99,-0.01,-0.0333,680593.58,0
600900.SH,20250610,29.98,30.29,29.96,30.03,29.98,0.05,0.1668,663488.41,0
600900.SH,20250611,30.0,30.28,29.98,30.18,30.03,0.15,0.4995,576656.17,0
600900.SH,20250612,30.16,30.33,30.02,30.19,30.18,0.01,0.0331,631838.72,0
600900.SH,20250613,30.19,30.66,30.18,30.62,30.19,0.43,1.4243,1044234.26,0
600900.SH,20250616,30.55,30.62,30.3,30.46,30.62,-0.16,-0.5225,516553.91,0
600900.SH,20250617,30.45,30.7,30.06,30.67,30.46,0.21,0.6894,788985.66,0
600900.SH,20250618,30.6,30.86,30.57,30.71,30.67,0.04,0.1304,621720.76,0
600900.SH,20250619,30.8,30.84,30.58,30.72,30.71,0.01,0.0326,559305.74,0
600900.SH,20250620,30.72,30.83,30.38,30.4,30.72,-0.32,-1.0417,561603.4,0
600900.SH,20250623,30.38,30.76,30.28,30.65,30.4,0.25,0.8224,588009.21,0
600900.SH,20250624,30.61,30.81,30.53,30.58,30.65,-0.07,-0.2284,788400.02,0
600900.SH,20250625,30.48,30.95,30.4,30.88,30.58,0.3,0.981,783706.66,0
600900.SH,20250626,30.88,31.19,30.86,31.11,30.88,0.23,0.7448,705648.56,0
600900.SH,20250627,31.16,31.16,30.2,30.22,31.11,-0.89,-2.8608,1474530.09,0
600900.SH,20250630,30.23,30.42,30.1,30.14,30.22,-0.08,-0.2647,755184.56,0
600900.SH,20250701,30.2,30.52,30.15,30.37,30.14,0.23,0.7631,594762.75,0
600900.SH,20250702,30.4,30.48,30.22,30.25,30.37,-0.12,-0.3951,571834.95,0
600900.SH,20250703,30.26,30.28,29.85,30.09,30.25,-0.16,-0.5289,936811.23,0
600900.SH,20250704,30.06,30.29,30.01,30.16,30.09,0.07,0.2326,679228.05,0
600900.SH,20250707,30.24,30.28,30.07,30.26,30.16,0.1,0.3316,508278.48,0
600900.SH,20250708,30.27,30.27,29.91,29.92,30.26,-0.34,-1.1236,1073286.01,0
600900.SH,20250709,29.95,30.1,29.85,29.98,29.92,0.06,0.2005,670383.21,0
600900.SH,20250710,30.0,30.08,29.8,29.9,29.98,-0.08,-0.2668,947643.05,0
600900.SH,20250711,29.92,30.59,29.87,30.4,29.9,0.5,1.6722,1642154.79,0
600900.SH,20250714,30.42,30.79,30.4,30.61,30.4,0.21,0.6908,771547.17,0
600900.SH,20250715,30.61,30.68,30.35,30.48,30.61,-0.13,-0.4247,562461.57,0
600900.SH,20250716,30.6,30.66,30.33,30.34,30.48,-0.14,-0.4593,386213.46,0
600900.SH,20250717,30.32,30.4,30.12,30.16,30.34,-0.18,-0.5933,614655.48,0
600900.SH,20250718,29.54,29.6,29.35,29.5,30.16,-0.66,-2.1883,601701.9,0
600900.SH,20250721,29.7,29.86,29.42,29.51,29.5,0.01,0.0339,778276.54,0
600900.SH,20250722,29.46,29.51,29.28,29.36,29.51,-0.15,-0.5083,943940.47,0
600900.SH,20250723,29.41,29.45,29.17,29.18,29.36,-0.18,-0.6131,1073549.45,0
600900.SH,20250724,29.19,29.19,28.8,28.94,29.18,-0.24,-0.8225,1668827.68,0
600900.SH,20250725,28.86,28.98,28.75,28.75,28.94,-0.19,-0.6565,1008790.9,0
600900.SH,20250728,28.75,28.84,28.6,28.64,28.75,-0.11,-0.3826,844450.6,0
600900.SH,20250729,28.61,28.74,28.6,28.63,28.64,-0.01,-0.0349,717720.13,0
600900.SH,20250730,28.64,28.94,28.64,28.7,28.63,0.07,0.2445,978280.42,0
600900.SH,20250731,28.42,28.42,27.7,27.84,28.7,-0.86,-2.9965,2579698.28,0
600900.SH,20250801,27.79,28.05,27.68,27.99,27.84,0.15,0.5388,981486.06,0
600900.SH,20250804,27.9,28.17,27.8,28.14,27.99,0.15,0.5359,823203.72,0
600900.SH,20250805,28.14,28.18,27.96,28.1,28.14,-0.04,-0.1421,787152.7,0
600900.SH,20250806,28.09,28.12,27.87,27.97,28.1,-0.13,-0.4626,1144934.79,0
600900.SH,20250807,27.94,28.18,27.84,28.06,27.97,0.09,0.3218,1051956.76,0
600900.SH,20250808,28.06,28.08,27.86,27.86,28.06,-0.2,-0.7128,824972.1,0
600900.SH,20250811,27.86,27.88,27.51,27.69,27.86,-0.17,-0.6102,1243550.56,0
600900.SH,20250812,27.69,27.88,27.64,27.76,27.69,0.07,0.2528,743183.9,0
600900.SH,20250813,27.77,27.85,27.61,27.63,27.76,-0.13,-0.4683,934256.87,0
600900.SH,20250814,27.62,27.89,27.6,27.66,27.63,0.03,0.1086,1017587.96,0
600900.SH,20250815,27.71,27.78,27.6,27.63,27.66,-0.03,-0.1085,1072302.33,0
600900.SH,20250818,27.64,27.72,27.55,27.64,27.63,0.01,0.0362,1147361.96,0
600900.SH,20250819,27.65,27.78,27.61,27.63,27.64,-0.01,-0.0362,1146023.98,0
600900.SH,20250820,27.6,27.74,27.46,27.69,27.63,0.06,0.2172,1022259.37,0
600900.SH,20250821,27.69,27.95,27.66,27.85,27.69,0.16,0.5778,1179347.54,0
600900.SH,20250822,27.88,27.92,27.7,27.87,27.85,0.02,0.0718,1032104.0,0
600900.SH,20250825,28.04,28.55,28.03,28.35,27.87,0.48,1.7223,2185666.04,0
600900.SH,20250826,28.35,28.4,28.21,28.31,28.35,-0.04,-0.1411,1130612.48,0
600900.SH,20250827,28.25,28.3,27.93,27.96,28.31,-0.35,-1.2363,1275324.14,0
600900.SH,20250828,27.95,27.99,27.69,27.87,27.96,-0.09,-0.3219,1092962.47,0
600900.SH,20250829,27.9,28.16,27.85,28.09,27.87,0.22,0.7894,1067298.46,0
600900.SH,20250901,28.1,28.1,27.71,27.79,28.09,-0.3,-1.068,1246086.67,0
600900.SH,20250902,27.7,28.29,27.7,28.21,27.79,0.42,1.5113,1751446.01,0
600900.SH,20250903,28.25,28.4,27.83,27.96,28.21,-0.25,-0.8862,1271331.13,0
600900.SH,20250904,27.94,28.3,27.71,28.23,27.96,0.27,0.9657,1758480.97,0
600900.SH,20250905,28.16,28.31,28.0,28.07,28.23,-0.16,-0.5668,1069513.08,0
600900.SH,20250908,28.02,28.22,28.0,28.15,28.07,0.08,0.285,900740.39,0
600900.SH,20250909,28.16,28.2,27.96,28.01,28.15,-0.14,-0.4973,761316.32,0
600900.SH,20250910,28.01,28.09,27.9,28.01,28.01,0.0,0.0,598614.83,0
600900.SH,20250911,28.0,28.11,27.92,28.0,28.01,-0.01,-0.0357,1053966.56,0
600900.SH,20250912,28.0,28.15,27.9,27.93,28.0,-0.07,-0.25,929728.12,0
600900.SH,20250915,27.9,27.91,27.76,27.8,27.93,-0.13,-0.4654,725656.97,0
600900.SH,20250916,27.79,27.8,27.65,27.73,27.8,-0.07,-0.2518,575128.76,0
600900.SH,20250917,27.72,27.83,27.67,27.7,27.73,-0.03,-0.1082,614926.75,0
600900.SH,20250918,27.69,27.7,27.21,27.31,27.7,-0.39,-1.4079,1448432.97,0
600900.SH,20250919,27.32,27.35,27.12,27.2,27.31,-0.11,-0.4028,734670.22,0
600900.SH,20250922,27.1,27.25,27.02,27.12,27.2,-0.08,-0.2941,696830.94,0
600900.SH,20250923,27.12,27.39,27.03,27.32,27.12,0.2,0.7375,872473.25,0
600900.SH,20250924,27.28,27.53,27.24,27.25,27.32,-0.07,-0.2562,874412.99,0
600900.SH,20250925,27.21,27.33,27.08,27.29,27.25,0.04,0.1468,634292.58,0
600900.SH,20250926,27.3,27.55,27.24,27.47,27.29,0.18,0.6596,794087.06,0
600900.SH,20250929,27.43,27.5,27.19,27.3,27.47,-0.17,-0.6189,927031.0,0
600900.SH,20250930,27.35,27.36,27.21,27.25,27.3,-0.05,-0.1832,618827.74,0
600900.SH,20251009,27.21,27.7,27.15,27.68,27.25,0.43,1.578,1132499.09,0
600900.SH,20251010,27.65,27.79,27.51,27.73,27.68,0.05,0.1806,712605.02,0
600900.SH,20251013,27.7,27.9,27.4,27.79,27.73,0.06,0.2164,1174982.2,0
600900.SH,20251014,27.74,28.01,27.55,27.99,27.79,0.2,0.7197,1366699.04,0
600900.SH,20251015,27.98,28.15,27.77,27.93,27.99,-0.06,-0.2144,926323.29,0
600900.SH,20251016,27.85,28.17,27.84,28.16,27.93,0.23,0.8235,939734.94,0
600900.SH,20251017,28.13,28.38,28.06,28.11,28.16,-0.05,-0.1776,1147021.54,0
600900.SH,20251020,28.12,28.15,27.75,28.05,28.11,-0.06,-0.2134,914230.76,0
600900.SH,20251021,28.0,28.1,27.85,27.91,28.05,-0.14,-0.4991,801635.74,0
600900.SH,20251022,27.89,28.08,27.85,28.04,27.91,0.13,0.4658,619189.68,0
600900.SH,20251023,28.04,28.27,28.04,28.23,28.04,0.19,0.6776,785588.09,0
600900.SH,20251024,28.21,28.29,28.08,28.19,28.23,-0.04,-0.1417,770600.06,0
600900.SH,20251027,28.14,28.56,28.02,28.3,28.19,0.11,0.3902,1248426.35,0
600900.SH,20251028,28.26,28.54,28.26,28.46,28.3,0.16,0.5654,732635.65,0
600900.SH,20251029,28.46,28.46,28.26,28.29,28.46,-0.17,-0.5973,740543.03,0
600900.SH,20251030,28.29,28.56,28.19,28.47,28.29,0.18,0.6363,867173.76,0
600900.SH,20251031,28.46,28.46,27.93,28.1,28.47,-0.37,-1.2996,1184702.29,0
600900.SH,20251103,28.11,28.35,28.11,28.31,28.1,0.21,0.7473,613783.22,0
600900.SH,20251104,28.31,28.69,28.28,28.6,28.31,0.29,1.0244,1049428.89,0
600900.SH,20251105,28.63,28.69,28.4,28.42,28.6,-0.18,-0.6294,685791.15,0
600900.SH,20251106,28.39,28.6,28.36,28.5,28.42,0.08,0.2815,673928.32,0
600900.SH,20251107,28.51,28.64,28.43,28.52,28.5,0.02,0.0702,551417.84,0
600900.SH,20251110,28.52,28.59,28.39,28.53,28.52,0.01,0.0351,493344.59,0
600900.SH,20251111,28.53,28.72,28.47,28.62,28.53,0.09,0.3155,625175.78,0
600900.SH,20251112,28.7,28.88,28.61,28.61,28.62,-0.01,-0.0349,629704.97,0
600900.SH,20251113,28.62,28.73,28.26,28.44,28.61,-0.17,-0.5942,1012328.04,0
600900.SH,20251114,28.44,28.71,28.34,28.34,28.44,-0.1,-0.3516,747625.18,0
600900.SH,20251117,28.37,28.43,28.03,28.16,28.34,-0.18,-0.6351,725596.43,0
600900.SH,20251118,28.16,28.34,28.08,28.15,28.16,-0.01,-0.0355,590136.98,0
600900.SH,20251119,28.15,28.33,28.11,28.23,28.15,0.08,0.2842,481597.61,0
600900.SH,20251120,28.18,28.32,28.05,28.14,28.23,-0.09,-0.3188,576112.35,0
600900.SH,20251121,28.17,28.27,28.07,28.16,28.14,0.02,0.0711,919941.5,0
600900.SH,20251124,28.18,28.2,27.92,28.19,28.16,0.03,0.1065,971795.69,0
600900.SH,20251125,28.19,28.2,27.83,28.03,28.19,-0.16,-0.5676,929854.19,0
600900.SH,20251126,28.03,28.12,27.9,27.94,28.03,-0.09,-0.3211,662732.78,0
600900.SH,20251127,27.93,28.14,27.78,28.09,27.94,0.15,0.5369,768692.86,0
600900.SH,20251128,28.01,28.07,27.95,27.98,28.09,-0.11,-0.3916,590180.67,0
600900.SH,20251201,28.05,28.15,27.99,28.07,27.98,0.09,0.3217,582523.94,0
600900.SH,20251202,28.03,28.27,28.02,28.26,28.07,0.19,0.6769,748779.62,0
600900.SH,20251203,28.25,28.36,28.21,28.27,28.26,0.01,0.0354,445599.66,0
600900.SH,20251204,28.3,28.32,28.17,28.24,28.27,-0.03,-0.1061,379967.06,0
600900.SH,20251205,28.24,28.24,28.02,28.07,28.24,-0.17,-0.602,544975.5,0
600900.SH,20251208,28.07,28.1,27.86,27.87,28.07,-0.2,-0.7125,754265.06,0
600900.SH,20251209,27.93,28.04,27.9,27.97,27.87,0.1,0.3588,512302.07,0
600900.SH,20251210,27.93,28.07,27.85,27.89,27.97,-0.08,-0.286,585389.54,0
600900.SH,20251211,27.92,27.94,27.75,27.86,27.89,-0.03,-0.1076,695636.24,0
600900.SH,20251212,27.85,28.05,27.81,28.04,27.86,0.18,0.6461,898708.32,0
600900.SH,20251215,27.99,28.15,27.96,28.04,28.04,0.0,0.0,539466.13,0
600900.SH,20251216,28.06,28.08,27.82,27.97,28.04,-0.07,-0.2496,679077.46,0
600900.SH,20251217,27.93,28.0,27.84,27.92,27.97,-0.05,-0.1788,592436.13,0
600900.SH,20251218,27.92,28.09,27.89,28.08,27.92,0.16,0.5731,464197.94,0
600900.SH,20251219,28.03,28.08,27.82,27.85,28.08,-0.23,-0.8191,799993.14,0
600900.SH,20251222,27.84,27.86,27.5,27.54,27.85,-0.31,-1.1131,1564033.93,0
600900.SH,20251223,27.5,27.74,27.48,27.72,27.54,0.18,0.6536,709451.12,0
600900.SH,20251224,27.71,27.71,27.55,27.64,27.72,-0.08,-0.2886,499942.8,0
600900.SH,20251225,27.63,27.68,27.57,27.64,27.64,0.0,0.0,300805.76,0
600900.SH,20251226,27.61,27.67,27.52,27.64,27.64,0.0,0.0,482593.39,0
600900.SH,20251229,27.64,27.64,27.5,27.52,27.64,-0.12,-0.4342,689033.36,0
600900.SH,20251230,27.5,27.5,27.32,27.32,27.52,-0.2,-0.7267,724247.0,0
600900.SH,20251231,27.35,27.37,27.17,27.19,27.32,-0.13,-0.4758,742930.24,0
600900.SH,20260105,27.2,27.31,27.1,27.28,27.19,0.09,0.331,765691.31,0
600900.SH,20260106,27.3,27.44,27.24,27.44,27.28,0.16,0.5865,738436.81,0
600900.SH,20260107,27.44,27.45,27.22,27.23,27.44,-0.21,-0.7653,721701.95,0
600900.SH,20260108,27.23,27.3,27.19,27.26,27.23,0.03,0.1102,470572.75,0
600900.SH,20260109,27.27,27.29,27.18,27.29,27.26,0.03,0.1101,629034.53,0
600900.SH,20260112,27.29,27.45,27.22,27.4,27.29,0.11,0.4031,784355.54,0
600900.SH,20260113,27.45,27.57,27.32,27.36,27.4,-0.04,-0.146,785384.92,0
600900.SH,20260114,27.45,27.54,26.8,26.81,27.36,-0.55,-2.0102,2927500.88,0
600900.SH,20260115,26.98,27.01,26.77,26.82,26.81,0.01,0.0373,1259274.47,0
600900.SH,20260116,26.88,27.03,26.44,26.52,26.82,-0.3,-1.1186,2388546.3,0
600900.SH,20260119,26.61,26.92,26.6,26.8,26.52,0.28,1.0558,1047218.13,0
600900.SH,20260120,26.8,26.94,26.73,26.88,26.8,0.08,0.2985,1050033.77,0
600900.SH,20260121,26.89,26.9,26.55,26.58,26.88,-0.3,-1.1161,1163281.62,0
600900.SH,20260122,26.58,26.72,26.3,26.31,26.58,-0.27,-1.0158,1807849.66,0
600900.SH,20260123,26.36,26.42,25.96,26.0,26.31,-0.31,-1.1783,2106915.13,0
600900.SH,20260126,26.05,26.28,25.86,25.98,26.0,-0.02,-0.0769,2028697.96,0
600900.SH,20260127,25.98,26.14,25.86,25.93,25.98,-0.05,-0.1925,1313814.83,0
600900.SH,20260128,25.93,25.94,25.61,25.65,25.93,-0.28,-1.0798,2326497.6,0
600900.SH,20260129,25.65,26.2,25.38,26.03,25.65,0.38,1.4815,2616230.32,0
600900.SH,20260130,26.04,26.57,26.04,26.36,26.03,0.33,1.2678,2238492.39,0
600900.SH,20260202,26.49,26.55,26.09,26.14,26.36,-0.22,-0.8346,1242256.65,0
600900.SH,20260203,26.2,26.23,25.91,26.0,26.14,-0.14,-0.5356,885438.15,0
600900.SH,20260204,25.97,26.39,25.95,26.38,26.0,0.38,1.4615,957051.81,0
600900.SH,20260205,26.42,26.69,26.35,26.6,26.38,0.22,0.834,1032447.5,0
600900.SH,20260206,26.6,26.77,26.38,26.52,26.6,-0.08,-0.3008,725626.8,0
600900.SH,20260209,26.53,26.57,26.28,26.46,26.52,-0.06,-0.2262,678291.25,0
600900.SH,20260210,26.46,26.6,26.37,26.57,26.46,0.11,0.4157,559201.01,0
600900.SH,20260211,26.58,26.59,26.41,26.48,26.57,-0.09,-0.3387,533882.46,0
600900.SH,20260212,26.27,26.3,26.05,26.12,26.48,-0.36,-1.3595,737342.37,0
600900.SH,20260213,26.13,26.18,25.95,26.0,26.12,-0.12,-0.4594,715540.68,0
600900.SH,20260224,26.13,26.16,25.98,26.05,26.0,0.05,0.1923,730789.39,0
600900.SH,20260225,26.08,26.2,25.95,25.97,26.05,-0.08,-0.3071,956209.54,0
600900.SH,20260226,25.98,26.09,25.93,26.04,25.97,0.07,0.2695,619771.69,0
600900.SH,20260227,26.05,26.18,26.02,26.04,26.04,0.0,0.0,919037.82,0
600900.SH,20260302,26.12,26.65,26.12,26.57,26.04,0.53,2.0353,1817728.88,0
600900.SH,20260303,26.57,27.1,26.53,26.97,26.57,0.4,1.5055,2145546.53,0
600900.SH,20260304,26.8,27.19,26.52,27.09,26.97,0.12,0.4449,1757354.43,0
600900.SH,20260305,26.98,27.24,26.84,27.08,27.09,-0.01,-0.0369,1329148.71,0
600900.SH,20260306,27.06,27.15,26.98,27.14,27.08,0.06,0.2216,878369.24,0
600900.SH,20260309,27.16,27.63,27.09,27.2,27.14,0.06,0.2211,2075027.99,0
600900.SH,20260310,27.01,27.24,26.73,27.15,27.2,-0.05,-0.1838,1192857.15,0
600900.SH,20260311,27.15,27.31,26.95,27.3,27.15,0.15,0.5525,897445.46,0
600900.SH,20260312,27.32,27.5,27.16,27.5,27.3,0.2,0.7326,1078962.09,0
600900.SH,20260313,27.5,27.63,27.35,27.42,27.5,-0.08,-0.2909,942776.29,0
600900.SH,20260316,27.42,27.5,27.24,27.36,27.42,-0.06,-0.2188,872037.87,0
600900.SH,20260317,27.32,27.57,27.28,27.49,27.36,0.13,0.4751,850288.95,0
600900.SH,20260318,27.48,27.65,27.24,27.29,27.49,-0.2,-0.7275,800289.92,0
600900.SH,20260319,27.27,27.48,27.2,27.26,27.29,-0.03,-0.1099,1015257.81,0
600900.SH,20260320,27.26,27.39,27.02,27.18,27.26,-0.08,-0.2935,845555.09,0
600900.SH,20260323,27.07,27.26,26.66,26.74,27.18,-0.44,-1.6188,1757271.3,0
600900.SH,20260324,26.9,27.13,26.72,27.1,26.74,0.36,1.3463,910767.18,0
600900.SH,20260325,27.15,27.27,26.92,27.21,27.1,0.11,0.4059,860545.05,0
600900.SH,20260326,27.19,27.45,27.1,27.31,27.21,0.1,0.3675,845013.7,0
600900.SH,20260327,27.28,27.4,27.18,27.25,27.31,-0.06,-0.2197,685517.22,0
600900.SH,20260330,27.25,27.25,27.01,27.14,27.25,-0.11,-0.4037,692780.6,0
600900.SH,20260331,27.14,27.33,27.04,27.04,27.14,-0.1,-0.3685,802588.84,0
600900.SH,20260401,27.12,27.12,26.84,26.88,27.04,-0.16,-0.5917,906081.71,0
600900.SH,20260402,26.9,27.02,26.76,27.01,26.88,0.13,0.4836,739848.93,0
600900.SH,20260403,27.0,27.0,26.66,26.7,27.01,-0.31,-1.1477,656276.8,0
600900.SH,20260407,26.71,26.75,26.4,26.48,26.7,-0.22,-0.824,726271.79,0
600900.SH,20260408,26.52,26.58,26.39,26.58,26.48,0.1,0.3776,806199.77,0
600900.SH,20260409,26.58,26.58,26.31,26.39,26.58,-0.19,-0.7148,691284.54,0
600900.SH,20260410,26.47,26.5,26.32,26.4,26.39,0.01,0.0379,665589.04,0
600900.SH,20260413,26.39,26.43,26.24,26.42,26.4,0.02,0.0758,626263.92,0
600900.SH,20260414,26.42,26.5,26.32,26.42,26.42,0.0,0.0,701165.97,0
600900.SH,20260415,26.41,26.67,26.36,26.55,26.42,0.13,0.4921,970565.86,0
600900.SH,20260416,26.56,26.7,26.52,26.55,26.55,0.0,0.0,719585.95,0
600900.SH,20260417,26.55,26.58,26.38,26.38,26.55,-0.17,-0.6403,836066.71,0
600900.SH,20260420,26.41,26.84,26.41,26.84,26.38,0.46,1.7437,950417.99,0
600900.SH,20260421,26.86,27.15,26.85,27.13,26.84,0.29,1.0805,904432.49,0
600900.SH,20260422,27.13,27.13,26.82,26.86,27.13,-0.27,-0.9952,741609.24,0
600900.SH,20260423,26.86,27.01,26.66,26.95,26.86,0.09,0.3351,845908.0,0
600900.SH,20260424,26.91,26.95,26.75,26.81,26.95,-0.14,-0.5195,564464.4,0
600900.SH,20260427,26.8,26.85,26.62,26.66,26.81,-0.15,-0.5595,562598.68,0
600900.SH,20260428,26.68,26.78,26.61,26.73,26.66,0.07,0.2626,700607.77,0
600900.SH,20260429,26.71,26.8,26.6,26.77,26.73,0.04,0.1496,855961.19,0
600900.SH,20260430,27.09,27.42,26.94,27.32,26.77,0.55,2.0545,1914637.37,0
600900.SH,20260506,27.34,27.34,27.04,27.2,27.32,-0.12,-0.4392,1237749.54,0
600900.SH,20260507,27.18,27.2,26.9,27.05,27.2,-0.15,-0.5515,973283.07,0
600900.SH,20260508,27.06,27.16,26.98,27.0,27.05,-0.05,-0.1848,804423.1,0
600900.SH,20260511,27.05,27.2,26.95,27.01,27.0,0.01,0.037,1030952.75,0
600900.SH,20260512,27.01,27.17,26.91,27.04,27.01,0.03,0.1111,1011762.33,0
600900.SH,20260513,27.08,27.29,26.97,27.0,27.04,-0.04,-0.1479,1396919.41,0
600900.SH,20260514,26.98,27.08,26.85,26.94,27.0,-0.06,-0.2222,1102942.32,0
600900.SH,20260515,26.9,27.15,26.72,27.03,26.94,0.09,0.3341,1187554.88,0
600900.SH,20260518,27.04,27.18,26.81,26.89,27.03,-0.14,-0.5179,915897.69,0
600900.SH,20260519,26.89,27.35,26.77,27.25,26.89,0.36,1.3388,1725645.85,0
600900.SH,20260520,27.25,27.28,26.87,26.9,27.25,-0.35,-1.2844,1284344.36,0
600900.SH,20260521,26.86,26.97,26.63,26.66,26.9,-0.24,-0.8922,1166100.37,0
600900.SH,20260522,26.73,26.76,26.5,26.56,26.66,-0.1,-0.3751,915888.15,0
600900.SH,20260525,26.6,26.83,26.55,26.67,26.56,0.11,0.4142,841543.93,0
600900.SH,20260526,26.66,27.15,26.59,27.14,26.67,0.47,1.7623,1626529.81,0
600900.SH,20260527,27.06,27.33,27.01,27.24,27.14,0.1,0.3685,1112715.4,0
600900.SH,20260528,27.25,27.37,27.11,27.22,27.24,-0.02,-0.0734,1146573.18,0
600900.SH,20260529,27.2,27.76,27.08,27.75,27.22,0.53,1.9471,2134370.57,0
600900.SH,20260601,27.74,27.87,27.55,27.77,27.75,0.02,0.0721,1392780.66,0
600900.SH,20260602,27.82,28.15,27.62,27.96,27.77,0.19,0.6842,1257574.46,0
600900.SH,20260603,27.85,27.98,27.51,27.89,27.96,-0.07,-0.2504,1143005.88,0
600900.SH,20260604,27.83,27.96,27.61,27.72,27.89,-0.17,-0.6095,874972.29,0
600900.SH,20260605,27.72,28.1,27.51,27.61,27.72,-0.11,-0.3968,1094135.63,0
600900.SH,20260608,27.5,27.61,27.26,27.51,27.61,-0.1,-0.3622,1180654.67,0
600900.SH,20260609,27.51,27.7,27.39,27.63,27.51,0.12,0.4362,882535.97,0
600900.SH,20260610,27.6,27.82,27.43,27.69,27.63,0.06,0.2172,887500.11,0
600900.SH,20260611,27.69,27.95,27.6,27.89,27.69,0.2,0.7223,991250.1,0
600900.SH,20260612,27.77,28.29,27.67,28.28,27.89,0.39,1.3984,1494245.23,0
600900.SH,20260615,28.24,28.24,27.39,27.57,28.28,-0.71,-2.5106,2076611.58,0
600900.SH,20260616,27.41,27.45,27.14,27.19,27.57,-0.38,-1.3783,1205992.99,0
600900.SH,20260617,27.22,27.27,26.91,27.0,27.19,-0.19,-0.6988,1034441.5,0
600900.SH,20260618,26.93,26.98,26.65,26.66,27.0,-0.34,-1.2593,1295944.98,0
600900.SH,20260622,26.66,27.09,26.51,26.94,26.66,0.28,1.0503,1497328.67,0
600900.SH,20260623,26.93,27.25,26.86,26.87,26.94,-0.07,-0.2598,1185654.7,0
600900.SH,20260624,26.87,27.0,26.56,26.6,26.87,-0.27,-1.0048,1134560.72,0
600900.SH,20260625,26.5,26.58,26.2,26.22,26.6,-0.38,-1.4286,1321875.74,0
600900.SH,20260626,26.25,26.72,26.15,26.65,26.22,0.43,1.64,1282651.88,0
600900.SH,20260629,26.55,26.9,26.26,26.84,26.65,0.19,0.7129,1232579.06,0
600900.SH,20260630,26.71,26.84,26.38,26.47,26.84,-0.37,-1.3785,1022776.53,0
600900.SH,20260701,26.44,26.72,26.36,26.64,26.47,0.17,0.6422,909397.56,0
600900.SH,20260702,26.79,27.09,26.55,26.95,26.64,0.31,1.1637,1400553.04,0
600900.SH,20260703,26.96,27.23,26.81,27.05,26.95,0.1,0.3711,1028243.27,0
